Workbook

Sheet 1.1
A1: Reg.No | B1: Name | C1: IT1134 | D1: IT1144 | E1: IT1113 | F1: IT1122 | G1: IT1152 | H1: GPA
A2: 2020/ICT/01 | B2: Ms. Udisha W.H.I | C2: B+ | D2: B+ | E2: A- | F2: B | G2: B- | H2: =IFERROR( ROUND( ( (IF(C2="A+", 4, IF(C2="A", 4, IF(C2="A-", 3.7, IF(C2="B+", 3.3, IF(C2="B", 3, IF(C2="B-", 2.7, IF(C2="C+", 2.3, IF(C2="C", 2, IF(C2="C-", 1.7, IF(C2="D+", 1.3, IF(C2="D", 1, IF(C2="E", 0, 0)))))))))))) * 4) + (IF(D2="A+", 4, IF(D2="A", 4, IF(D2="A-", 3.7, IF(D2="B+", 3.3, IF(D2="B", 3, IF(D2="B-", 2.7, IF(D2="C+", 2.3, IF(D2="C", 2, IF(D2="C-", 1.7, IF(D2="D+", 1.3, IF(D2="D", 1, IF(D2="E", 0, 0)))))))))))) * 4) + (IF(E2="A+", 4, IF(E2="A", 4, IF(E2="A-", 3.7, IF(E2="B+", 3.3, IF(E2="B", 3, IF(E2="B-", 2.7, IF(E2="C+", 2.3, IF(E2="C", 2, IF(E2="C-", 1.7, IF(E2="D+", 1.3, IF(E2="D", 1, IF(E2="E", 0, 0)))))))))))) * 3) + (IF(F2="A+", 4, IF(F2="A", 4, IF(F2="A-", 3.7, IF(F2="B+", 3.3, IF(F2="B", 3, IF(F2="B-", 2.7, IF(F2="C+", 2.3, IF(F2="C", 2, IF(F2="C-", 1.7, IF(F2="D+", 1.3, IF(F2="D", 1, IF(F2="E", 0, 0)))))))))))) * 2) + (IF(G2="A+", 4, IF(G2="A", 4, IF(G2="A-", 3.7, IF(G2="B+", 3.3, IF(G2="B", 3, IF(G2="B-", 2.7, IF(G2="C+", 2.3, IF(G2="C", 2, IF(G2="C-", 1.7, IF(G2="D+", 1.3, IF(G2="D", 1, IF(G2="E", 0, 0)))))))))))) * 2) ) / (4 + 4 + 3 + 2 + 2), 2), 0) -> 3.26
A3: 2020/ICT/02 | B3: Mr. Imran B.M. | C3: C- | D3: B | E3: B | F3: C- | G3: absent | H3: =IFERROR( ROUND( ( (IF(C3="A+", 4, IF(C3="A", 4, IF(C3="A-", 3.7, IF(C3="B+", 3.3, IF(C3="B", 3, IF(C3="B-", 2.7, IF(C3="C+", 2.3, IF(C3="C", 2, IF(C3="C-", 1.7, IF(C3="D+", 1.3, IF(C3="D", 1, IF(C3="E", 0, 0)))))))))))) * 4) + (IF(D3="A+", 4, IF(D3="A", 4, IF(D3="A-", 3.7, IF(D3="B+", 3.3, IF(D3="B", 3, IF(D3="B-", 2.7, IF(D3="C+", 2.3, IF(D3="C", 2, IF(D3="C-", 1.7, IF(D3="D+", 1.3, IF(D3="D", 1, IF(D3="E", 0, 0)))))))))))) * 4) + (IF(E3="A+", 4, IF(E3="A", 4, IF(E3="A-", 3.7, IF(E3="B+", 3.3, IF(E3="B", 3, IF(E3="B-", 2.7, IF(E3="C+", 2.3, IF(E3="C", 2, IF(E3="C-", 1.7, IF(E3="D+", 1.3, IF(E3="D", 1, IF(E3="E", 0, 0)))))))))))) * 3) + (IF(F3="A+", 4, IF(F3="A", 4, IF(F3="A-", 3.7, IF(F3="B+", 3.3, IF(F3="B", 3, IF(F3="B-", 2.7, IF(F3="C+", 2.3, IF(F3="C", 2, IF(F3="C-", 1.7, IF(F3="D+", 1.3, IF(F3="D", 1, IF(F3="E", 0, 0)))))))))))) * 2) + (IF(G3="A+", 4, IF(G3="A", 4, IF(G3="A-", 3.7, IF(G3="B+", 3.3, IF(G3="B", 3, IF(G3="B-", 2.7, IF(G3="C+", 2.3, IF(G3="C", 2, IF(G3="C-", 1.7, IF(G3="D+", 1.3, IF(G3="D", 1, IF(G3="E", 0, 0)))))))))))) * 2) ) / (4 + 4 + 3 + 2 + 2), 2), 0) -> 2.08
A4: 2020/ICT/03 | B4: Ms. Shanmugarajah D. | C4: B+ | D4: A- | E4: B+ | F4: A | G4: A- | H4: =IFERROR( ROUND( ( (IF(C4="A+", 4, IF(C4="A", 4, IF(C4="A-", 3.7, IF(C4="B+", 3.3, IF(C4="B", 3, IF(C4="B-", 2.7, IF(C4="C+", 2.3, IF(C4="C", 2, IF(C4="C-", 1.7, IF(C4="D+", 1.3, IF(C4="D", 1, IF(C4="E", 0, 0)))))))))))) * 4) + (IF(D4="A+", 4, IF(D4="A", 4, IF(D4="A-", 3.7, IF(D4="B+", 3.3, IF(D4="B", 3, IF(D4="B-", 2.7, IF(D4="C+", 2.3, IF(D4="C", 2, IF(D4="C-", 1.7, IF(D4="D+", 1.3, IF(D4="D", 1, IF(D4="E", 0, 0)))))))))))) * 4) + (IF(E4="A+", 4, IF(E4="A", 4, IF(E4="A-", 3.7, IF(E4="B+", 3.3, IF(E4="B", 3, IF(E4="B-", 2.7, IF(E4="C+", 2.3, IF(E4="C", 2, IF(E4="C-", 1.7, IF(E4="D+", 1.3, IF(E4="D", 1, IF(E4="E", 0, 0)))))))))))) * 3) + (IF(F4="A+", 4, IF(F4="A", 4, IF(F4="A-", 3.7, IF(F4="B+", 3.3, IF(F4="B", 3, IF(F4="B-", 2.7, IF(F4="C+", 2.3, IF(F4="C", 2, IF(F4="C-", 1.7, IF(F4="D+", 1.3, IF(F4="D", 1, IF(F4="E", 0, 0)))))))))))) * 2) + (IF(G4="A+", 4, IF(G4="A", 4, IF(G4="A-", 3.7, IF(G4="B+", 3.3, IF(G4="B", 3, IF(G4="B-", 2.7, IF(G4="C+", 2.3, IF(G4="C", 2, IF(G4="C-", 1.7, IF(G4="D+", 1.3, IF(G4="D", 1, IF(G4="E", 0, 0)))))))))))) * 2) ) / (4 + 4 + 3 + 2 + 2), 2), 0) -> 3.55
A5: 2020/ICT/05 | B5: Mr. Muniweera K.G.U.K. | C5: B+ | D5: A+ | E5: A- | F5: B | G5: C- | H5: =IFERROR( ROUND( ( (IF(C5="A+", 4, IF(C5="A", 4, IF(C5="A-", 3.7, IF(C5="B+", 3.3, IF(C5="B", 3, IF(C5="B-", 2.7, IF(C5="C+", 2.3, IF(C5="C", 2, IF(C5="C-", 1.7, IF(C5="D+", 1.3, IF(C5="D", 1, IF(C5="E", 0, 0)))))))))))) * 4) + (IF(D5="A+", 4, IF(D5="A", 4, IF(D5="A-", 3.7, IF(D5="B+", 3.3, IF(D5="B", 3, IF(D5="B-", 2.7, IF(D5="C+", 2.3, IF(D5="C", 2, IF(D5="C-", 1.7, IF(D5="D+", 1.3, IF(D5="D", 1, IF(D5="E", 0, 0)))))))))))) * 4) + (IF(E5="A+", 4, IF(E5="A", 4, IF(E5="A-", 3.7, IF(E5="B+", 3.3, IF(E5="B", 3, IF(E5="B-", 2.7, IF(E5="C+", 2.3, IF(E5="C", 2, IF(E5="C-", 1.7, IF(E5="D+", 1.3, IF(E5="D", 1, IF(E5="E", 0, 0)))))))))))) * 3) + (IF(F5="A+", 4, IF(F5="A", 4, IF(F5="A-", 3.7, IF(F5="B+", 3.3, IF(F5="B", 3, IF(F5="B-", 2.7, IF(F5="C+", 2.3, IF(F5="C", 2, IF(F5="C-", 1.7, IF(F5="D+", 1.3, IF(F5="D", 1, IF(F5="E", 0, 0)))))))))))) * 2) + (IF(G5="A+", 4, IF(G5="A", 4, IF(G5="A-", 3.7, IF(G5="B+", 3.3, IF(G5="B", 3, IF(G5="B-", 2.7, IF(G5="C+", 2.3, IF(G5="C", 2, IF(G5="C-", 1.7, IF(G5="D+", 1.3, IF(G5="D", 1, IF(G5="E", 0, 0)))))))))))) * 2) ) / (4 + 4 + 3 + 2 + 2), 2), 0) -> 3.31
A6: 2020/ICT/06 | B6: Ms. Lourdes Jellorine | C6: A+ | D6: A+ | E6: A | F6: A+ | G6: A+ | H6: =IFERROR( ROUND( ( (IF(C6="A+", 4, IF(C6="A", 4, IF(C6="A-", 3.7, IF(C6="B+", 3.3, IF(C6="B", 3, IF(C6="B-", 2.7, IF(C6="C+", 2.3, IF(C6="C", 2, IF(C6="C-", 1.7, IF(C6="D+", 1.3, IF(C6="D", 1, IF(C6="E", 0, 0)))))))))))) * 4) + (IF(D6="A+", 4, IF(D6="A", 4, IF(D6="A-", 3.7, IF(D6="B+", 3.3, IF(D6="B", 3, IF(D6="B-", 2.7, IF(D6="C+", 2.3, IF(D6="C", 2, IF(D6="C-", 1.7, IF(D6="D+", 1.3, IF(D6="D", 1, IF(D6="E", 0, 0)))))))))))) * 4) + (IF(E6="A+", 4, IF(E6="A", 4, IF(E6="A-", 3.7, IF(E6="B+", 3.3, IF(E6="B", 3, IF(E6="B-", 2.7, IF(E6="C+", 2.3, IF(E6="C", 2, IF(E6="C-", 1.7, IF(E6="D+", 1.3, IF(E6="D", 1, IF(E6="E", 0, 0)))))))))))) * 3) + (IF(F6="A+", 4, IF(F6="A", 4, IF(F6="A-", 3.7, IF(F6="B+", 3.3, IF(F6="B", 3, IF(F6="B-", 2.7, IF(F6="C+", 2.3, IF(F6="C", 2, IF(F6="C-", 1.7, IF(F6="D+", 1.3, IF(F6="D", 1, IF(F6="E", 0, 0)))))))))))) * 2) + (IF(G6="A+", 4, IF(G6="A", 4, IF(G6="A-", 3.7, IF(G6="B+", 3.3, IF(G6="B", 3, IF(G6="B-", 2.7, IF(G6="C+", 2.3, IF(G6="C", 2, IF(G6="C-", 1.7, IF(G6="D+", 1.3, IF(G6="D", 1, IF(G6="E", 0, 0)))))))))))) * 2) ) / (4 + 4 + 3 + 2 + 2), 2), 0) -> 4
A7: 2020/ICT/07 | B7: Mr. Nalawansa U.K | C7: A | D7: A+ | E7: A | F7: A+ | G7: A+ | H7: =IFERROR( ROUND( ( (IF(C7="A+", 4, IF(C7="A", 4, IF(C7="A-", 3.7, IF(C7="B+", 3.3, IF(C7="B", 3, IF(C7="B-", 2.7, IF(C7="C+", 2.3, IF(C7="C", 2, IF(C7="C-", 1.7, IF(C7="D+", 1.3, IF(C7="D", 1, IF(C7="E", 0, 0)))))))))))) * 4) + (IF(D7="A+", 4, IF(D7="A", 4, IF(D7="A-", 3.7, IF(D7="B+", 3.3, IF(D7="B", 3, IF(D7="B-", 2.7, IF(D7="C+", 2.3, IF(D7="C", 2, IF(D7="C-", 1.7, IF(D7="D+", 1.3, IF(D7="D", 1, IF(D7="E", 0, 0)))))))))))) * 4) + (IF(E7="A+", 4, IF(E7="A", 4, IF(E7="A-", 3.7, IF(E7="B+", 3.3, IF(E7="B", 3, IF(E7="B-", 2.7, IF(E7="C+", 2.3, IF(E7="C", 2, IF(E7="C-", 1.7, IF(E7="D+", 1.3, IF(E7="D", 1, IF(E7="E", 0, 0)))))))))))) * 3) + (IF(F7="A+", 4, IF(F7="A", 4, IF(F7="A-", 3.7, IF(F7="B+", 3.3, IF(F7="B", 3, IF(F7="B-", 2.7, IF(F7="C+", 2.3, IF(F7="C", 2, IF(F7="C-", 1.7, IF(F7="D+", 1.3, IF(F7="D", 1, IF(F7="E", 0, 0)))))))))))) * 2) + (IF(G7="A+", 4, IF(G7="A", 4, IF(G7="A-", 3.7, IF(G7="B+", 3.3, IF(G7="B", 3, IF(G7="B-", 2.7, IF(G7="C+", 2.3, IF(G7="C", 2, IF(G7="C-", 1.7, IF(G7="D+", 1.3, IF(G7="D", 1, IF(G7="E", 0, 0)))))))))))) * 2) ) / (4 + 4 + 3 + 2 + 2), 2), 0) -> 4
A8: 2020/ICT/08 | B8: Ms. Devakumar P. | C8: C+ | D8: A- | E8: B | F8: B+ | G8: B | H8: =IFERROR( ROUND( ( (IF(C8="A+", 4, IF(C8="A", 4, IF(C8="A-", 3.7, IF(C8="B+", 3.3, IF(C8="B", 3, IF(C8="B-", 2.7, IF(C8="C+", 2.3, IF(C8="C", 2, IF(C8="C-", 1.7, IF(C8="D+", 1.3, IF(C8="D", 1, IF(C8="E", 0, 0)))))))))))) * 4) + (IF(D8="A+", 4, IF(D8="A", 4, IF(D8="A-", 3.7, IF(D8="B+", 3.3, IF(D8="B", 3, IF(D8="B-", 2.7, IF(D8="C+", 2.3, IF(D8="C", 2, IF(D8="C-", 1.7, IF(D8="D+", 1.3, IF(D8="D", 1, IF(D8="E", 0, 0)))))))))))) * 4) + (IF(E8="A+", 4, IF(E8="A", 4, IF(E8="A-", 3.7, IF(E8="B+", 3.3, IF(E8="B", 3, IF(E8="B-", 2.7, IF(E8="C+", 2.3, IF(E8="C", 2, IF(E8="C-", 1.7, IF(E8="D+", 1.3, IF(E8="D", 1, IF(E8="E", 0, 0)))))))))))) * 3) + (IF(F8="A+", 4, IF(F8="A", 4, IF(F8="A-", 3.7, IF(F8="B+", 3.3, IF(F8="B", 3, IF(F8="B-", 2.7, IF(F8="C+", 2.3, IF(F8="C", 2, IF(F8="C-", 1.7, IF(F8="D+", 1.3, IF(F8="D", 1, IF(F8="E", 0, 0)))))))))))) * 2) + (IF(G8="A+", 4, IF(G8="A", 4, IF(G8="A-", 3.7, IF(G8="B+", 3.3, IF(G8="B", 3, IF(G8="B-", 2.7, IF(G8="C+", 2.3, IF(G8="C", 2, IF(G8="C-", 1.7, IF(G8="D+", 1.3, IF(G8="D", 1, IF(G8="E", 0, 0)))))))))))) * 2) ) / (4 + 4 + 3 + 2 + 2), 2), 0) -> 3.04
A9: 2020/ICT/09 | B9: Ms. Senevirathne S.A. | C9: C | D9: B | E9: B+ | F9: C+ | G9: C- | H9: =IFERROR( ROUND( ( (IF(C9="A+", 4, IF(C9="A", 4, IF(C9="A-", 3.7, IF(C9="B+", 3.3, IF(C9="B", 3, IF(C9="B-", 2.7, IF(C9="C+", 2.3, IF(C9="C", 2, IF(C9="C-", 1.7, IF(C9="D+", 1.3, IF(C9="D", 1, IF(C9="E", 0, 0)))))))))))) * 4) + (IF(D9="A+", 4, IF(D9="A", 4, IF(D9="A-", 3.7, IF(D9="B+", 3.3, IF(D9="B", 3, IF(D9="B-", 2.7, IF(D9="C+", 2.3, IF(D9="C", 2, IF(D9="C-", 1.7, IF(D9="D+", 1.3, IF(D9="D", 1, IF(D9="E", 0, 0)))))))))))) * 4) + (IF(E9="A+", 4, IF(E9="A", 4, IF(E9="A-", 3.7, IF(E9="B+", 3.3, IF(E9="B", 3, IF(E9="B-", 2.7, IF(E9="C+", 2.3, IF(E9="C", 2, IF(E9="C-", 1.7, IF(E9="D+", 1.3, IF(E9="D", 1, IF(E9="E", 0, 0)))))))))))) * 3) + (IF(F9="A+", 4, IF(F9="A", 4, IF(F9="A-", 3.7, IF(F9="B+", 3.3, IF(F9="B", 3, IF(F9="B-", 2.7, IF(F9="C+", 2.3, IF(F9="C", 2, IF(F9="C-", 1.7, IF(F9="D+", 1.3, IF(F9="D", 1, IF(F9="E", 0, 0)))))))))))) * 2) + (IF(G9="A+", 4, IF(G9="A", 4, IF(G9="A-", 3.7, IF(G9="B+", 3.3, IF(G9="B", 3, IF(G9="B-", 2.7, IF(G9="C+", 2.3, IF(G9="C", 2, IF(G9="C-", 1.7, IF(G9="D+", 1.3, IF(G9="D", 1, IF(G9="E", 0, 0)))))))))))) * 2) ) / (4 + 4 + 3 + 2 + 2), 2), 0) -> 2.53
A10: 2020/ICT/10 | B10: Ms. Jegatheeswaran V. | C10: B+ | D10: A+ | E10: A+ | F10: A- | G10: A+ | H10: =IFERROR( ROUND( ( (IF(C10="A+", 4, IF(C10="A", 4, IF(C10="A-", 3.7, IF(C10="B+", 3.3, IF(C10="B", 3, IF(C10="B-", 2.7, IF(C10="C+", 2.3, IF(C10="C", 2, IF(C10="C-", 1.7, IF(C10="D+", 1.3, IF(C10="D", 1, IF(C10="E", 0, 0)))))))))))) * 4) + (IF(D10="A+", 4, IF(D10="A", 4, IF(D10="A-", 3.7, IF(D10="B+", 3.3, IF(D10="B", 3, IF(D10="B-", 2.7, IF(D10="C+", 2.3, IF(D10="C", 2, IF(D10="C-", 1.7, IF(D10="D+", 1.3, IF(D10="D", 1, IF(D10="E", 0, 0)))))))))))) * 4) + (IF(E10="A+", 4, IF(E10="A", 4, IF(E10="A-", 3.7, IF(E10="B+", 3.3, IF(E10="B", 3, IF(E10="B-", 2.7, IF(E10="C+", 2.3, IF(E10="C", 2, IF(E10="C-", 1.7, IF(E10="D+", 1.3, IF(E10="D", 1, IF(E10="E", 0, 0)))))))))))) * 3) + (IF(F10="A+", 4, IF(F10="A", 4, IF(F10="A-", 3.7, IF(F10="B+", 3.3, IF(F10="B", 3, IF(F10="B-", 2.7, IF(F10="C+", 2.3, IF(F10="C", 2, IF(F10="C-", 1.7, IF(F10="D+", 1.3, IF(F10="D", 1, IF(F10="E", 0, 0)))))))))))) * 2) + (IF(G10="A+", 4, IF(G10="A", 4, IF(G10="A-", 3.7, IF(G10="B+", 3.3, IF(G10="B", 3, IF(G10="B-", 2.7, IF(G10="C+", 2.3, IF(G10="C", 2, IF(G10="C-", 1.7, IF(G10="D+", 1.3, IF(G10="D", 1, IF(G10="E", 0, 0)))))))))))) * 2) ) / (4 + 4 + 3 + 2 + 2), 2), 0) -> 3.77
A11: 2020/ICT/12 | B11: Ms. Shahla A.A.F.S. | C11: A- | D11: A | E11: B+ | F11: B+ | G11: A | H11: =IFERROR( ROUND( ( (IF(C11="A+", 4, IF(C11="A", 4, IF(C11="A-", 3.7, IF(C11="B+", 3.3, IF(C11="B", 3, IF(C11="B-", 2.7, IF(C11="C+", 2.3, IF(C11="C", 2, IF(C11="C-", 1.7, IF(C11="D+", 1.3, IF(C11="D", 1, IF(C11="E", 0, 0)))))))))))) * 4) + (IF(D11="A+", 4, IF(D11="A", 4, IF(D11="A-", 3.7, IF(D11="B+", 3.3, IF(D11="B", 3, IF(D11="B-", 2.7, IF(D11="C+", 2.3, IF(D11="C", 2, IF(D11="C-", 1.7, IF(D11="D+", 1.3, IF(D11="D", 1, IF(D11="E", 0, 0)))))))))))) * 4) + (IF(E11="A+", 4, IF(E11="A", 4, IF(E11="A-", 3.7, IF(E11="B+", 3.3, IF(E11="B", 3, IF(E11="B-", 2.7, IF(E11="C+", 2.3, IF(E11="C", 2, IF(E11="C-", 1.7, IF(E11="D+", 1.3, IF(E11="D", 1, IF(E11="E", 0, 0)))))))))))) * 3) + (IF(F11="A+", 4, IF(F11="A", 4, IF(F11="A-", 3.7, IF(F11="B+", 3.3, IF(F11="B", 3, IF(F11="B-", 2.7, IF(F11="C+", 2.3, IF(F11="C", 2, IF(F11="C-", 1.7, IF(F11="D+", 1.3, IF(F11="D", 1, IF(F11="E", 0, 0)))))))))))) * 2) + (IF(G11="A+", 4, IF(G11="A", 4, IF(G11="A-", 3.7, IF(G11="B+", 3.3, IF(G11="B", 3, IF(G11="B-", 2.7, IF(G11="C+", 2.3, IF(G11="C", 2, IF(G11="C-", 1.7, IF(G11="D+", 1.3, IF(G11="D", 1, IF(G11="E", 0, 0)))))))))))) * 2) ) / (4 + 4 + 3 + 2 + 2), 2), 0) -> 3.69
A12: 2020/ICT/13 | B12: Ms. Basheery M.K.T. | C12: B | D12: A | E12: A | F12: A- | G12: A+ | H12: =IFERROR( ROUND( ( (IF(C12="A+", 4, IF(C12="A", 4, IF(C12="A-", 3.7, IF(C12="B+", 3.3, IF(C12="B", 3, IF(C12="B-", 2.7, IF(C12="C+", 2.3, IF(C12="C", 2, IF(C12="C-", 1.7, IF(C12="D+", 1.3, IF(C12="D", 1, IF(C12="E", 0, 0)))))))))))) * 4) + (IF(D12="A+", 4, IF(D12="A", 4, IF(D12="A-", 3.7, IF(D12="B+", 3.3, IF(D12="B", 3, IF(D12="B-", 2.7, IF(D12="C+", 2.3, IF(D12="C", 2, IF(D12="C-", 1.7, IF(D12="D+", 1.3, IF(D12="D", 1, IF(D12="E", 0, 0)))))))))))) * 4) + (IF(E12="A+", 4, IF(E12="A", 4, IF(E12="A-", 3.7, IF(E12="B+", 3.3, IF(E12="B", 3, IF(E12="B-", 2.7, IF(E12="C+", 2.3, IF(E12="C", 2, IF(E12="C-", 1.7, IF(E12="D+", 1.3, IF(E12="D", 1, IF(E12="E", 0, 0)))))))))))) * 3) + (IF(F12="A+", 4, IF(F12="A", 4, IF(F12="A-", 3.7, IF(F12="B+", 3.3, IF(F12="B", 3, IF(F12="B-", 2.7, IF(F12="C+", 2.3, IF(F12="C", 2, IF(F12="C-", 1.7, IF(F12="D+", 1.3, IF(F12="D", 1, IF(F12="E", 0, 0)))))))))))) * 2) + (IF(G12="A+", 4, IF(G12="A", 4, IF(G12="A-", 3.7, IF(G12="B+", 3.3, IF(G12="B", 3, IF(G12="B-", 2.7, IF(G12="C+", 2.3, IF(G12="C", 2, IF(G12="C-", 1.7, IF(G12="D+", 1.3, IF(G12="D", 1, IF(G12="E", 0, 0)))))))))))) * 2) ) / (4 + 4 + 3 + 2 + 2), 2), 0) -> 3.69
A13: 2020/ICT/14 | B13: Ms. Minha M.S.F. | C13: B+ | D13: A- | E13: A | F13: B+ | G13: A+ | H13: =IFERROR( ROUND( ( (IF(C13="A+", 4, IF(C13="A", 4, IF(C13="A-", 3.7, IF(C13="B+", 3.3, IF(C13="B", 3, IF(C13="B-", 2.7, IF(C13="C+", 2.3, IF(C13="C", 2, IF(C13="C-", 1.7, IF(C13="D+", 1.3, IF(C13="D", 1, IF(C13="E", 0, 0)))))))))))) * 4) + (IF(D13="A+", 4, IF(D13="A", 4, IF(D13="A-", 3.7, IF(D13="B+", 3.3, IF(D13="B", 3, IF(D13="B-", 2.7, IF(D13="C+", 2.3, IF(D13="C", 2, IF(D13="C-", 1.7, IF(D13="D+", 1.3, IF(D13="D", 1, IF(D13="E", 0, 0)))))))))))) * 4) + (IF(E13="A+", 4, IF(E13="A", 4, IF(E13="A-", 3.7, IF(E13="B+", 3.3, IF(E13="B", 3, IF(E13="B-", 2.7, IF(E13="C+", 2.3, IF(E13="C", 2, IF(E13="C-", 1.7, IF(E13="D+", 1.3, IF(E13="D", 1, IF(E13="E", 0, 0)))))))))))) * 3) + (IF(F13="A+", 4, IF(F13="A", 4, IF(F13="A-", 3.7, IF(F13="B+", 3.3, IF(F13="B", 3, IF(F13="B-", 2.7, IF(F13="C+", 2.3, IF(F13="C", 2, IF(F13="C-", 1.7, IF(F13="D+", 1.3, IF(F13="D", 1, IF(F13="E", 0, 0)))))))))))) * 2) + (IF(G13="A+", 4, IF(G13="A", 4, IF(G13="A-", 3.7, IF(G13="B+", 3.3, IF(G13="B", 3, IF(G13="B-", 2.7, IF(G13="C+", 2.3, IF(G13="C", 2, IF(G13="C-", 1.7, IF(G13="D+", 1.3, IF(G13="D", 1, IF(G13="E", 0, 0)))))))))))) * 2) ) / (4 + 4 + 3 + 2 + 2), 2), 0) -> 3.64
... A108: 2020/ICT/120 | B108: Ms.Thavarajah H | C108: C | D108: B- | E108: B- | F108: B- | G108: C- | H108: =IFERROR( ROUND( ( (IF(C108="A+", 4, IF(C108="A", 4, IF(C108="A-", 3.7, IF(C108="B+", 3.3, IF(C108="B", 3, IF(C108="B-", 2.7, IF(C108="C+", 2.3, IF(C108="C", 2, IF(C108="C-", 1.7, IF(C108="D+", 1.3, IF(C108="D", 1, IF(C108="E", 0, 0)))))))))))) * 4) + (IF(D108="A+", 4, IF(D108="A", 4, IF(D108="A-", 3.7, IF(D108="B+", 3.3, IF(D108="B", 3, IF(D108="B-", 2.7, IF(D108="C+", 2.3, IF(D108="C", 2, IF(D108="C-", 1.7, IF(D108="D+", 1.3, IF(D108="D", 1, IF(D108="E", 0, 0)))))))))))) * 4) + (IF(E108="A+", 4, IF(E108="A", 4, IF(E108="A-", 3.7, IF(E108="B+", 3.3, IF(E108="B", 3, IF(E108="B-", 2.7, IF(E108="C+", 2.3, IF(E108="C", 2, IF(E108="C-", 1.7, IF(E108="D+", 1.3, IF(E108="D", 1, IF(E108="E", 0, 0)))))))))))) * 3) + (IF(F108="A+", 4, IF(F108="A", 4, IF(F108="A-", 3.7, IF(F108="B+", 3.3, IF(F108="B", 3, IF(F108="B-", 2.7, IF(F108="C+", 2.3, IF(F108="C", 2, IF(F108="C-", 1.7, IF(F108="D+", 1.3, IF(F108="D", 1, IF(F108="E", 0, 0)))))))))))) * 2) + (IF(G108="A+", 4, IF(G108="A", 4, IF(G108="A-", 3.7, IF(G108="B+", 3.3, IF(G108="B", 3, IF(G108="B-", 2.7, IF(G108="C+", 2.3, IF(G108="C", 2, IF(G108="C-", 1.7, IF(G108="D+", 1.3, IF(G108="D", 1, IF(G108="E", 0, 0)))))))))))) * 2) ) / (4 + 4 + 3 + 2 + 2), 2), 0) -> 2.38

Sheet 1.2
A1: Reg.No | B1: Name | C1: IT1214 | D1: IT1223 | E1: IT1232 | F1: IT1242 | G1: IT1252 | H1: IT1262 | I1: GPA
A2: 2020/ICT/01 | B2: Ms. Udisha W.H.I | C2: A+ | D2: A- | E2: A+ | F2: A- | G2: B | H2: C | I2: =#VALUE! -> #VALUE!
A3: 2020/ICT/02 | B3: Mr. Imran B.M. | C3: C | D3: C | E3: D | F3: C | G3: E | H3: D | I3: =#VALUE! -> #VALUE!
A4: 2020/ICT/03 | B4: Ms. Shanmugarajah D. | C4: A | D4: B | E4: B | F4: C- | G4: C+ | H4: C+ | I4: =#VALUE! -> #VALUE!
A5: 2020/ICT/05 | B5: Mr. Muniweera K.G.U.K. | C5: A+ | D5: A | E5: C+ | F5: B+ | G5: B+ | H5: D | I5: =#VALUE! -> #VALUE!
A6: 2020/ICT/06 | B6: Ms. Lourdes Jellorine | C6: A+ | D6: A+ | E6: A | F6: B | G6: B+ | H6: A+ | I6: =#VALUE! -> #VALUE!
A7: 2020/ICT/07 | B7: Mr. Nalawansa U.K | C7: A+ | D7: A+ | E7: A | F7: B- | G7: A | H7: C+ | I7: =#VALUE! -> #VALUE!
A8: 2020/ICT/08 | B8: Ms. Devakumar P. | C8: B+ | D8: C+ | E8: B | F8: C- | G8: C+ | H8: C- | I8: =#VALUE! -> #VALUE!
A9: 2020/ICT/09 | B9: Ms. Senevirathne S.A. | C9: B+ | D9: B+ | E9: B+ | F9: C | G9: B | H9: C- | I9: =#VALUE! -> #VALUE!
A10: 2020/ICT/10 | B10: Ms. Jegatheeswaran V. | C10: A- | D10: A+ | E10: A | F10: B+ | G10: C+ | H10: C- | I10: =#VALUE! -> #VALUE!
A11: 2020/ICT/12 | B11: Ms. Shahla A.A.F.S. | C11: A | D11: A | E11: B | F11: B- | G11: B | H11: C+ | I11: =#VALUE! -> #VALUE!
A12: 2020/ICT/13 | B12: Ms. Basheery M.K.T. | C12: A+ | D12: A- | E12: B | F12: C | G12: B- | H12: C- | I12: =#VALUE! -> #VALUE!
A13: 2020/ICT/14 | B13: Ms. Minha M.S.F. | C13: A+ | D13: A | E13: B+ | F13: C+ | G13: B | H13: C- | I13: =#VALUE! -> #VALUE!
... A108: 2020/ICT/120 | B108: Ms.Thavarajah H | C108: B- | D108: B | E108: C | F108: C | G108: C | H108: B+ | I108: =#VALUE! -> #VALUE!

Sheet 2.1
A1: Reg.No | B1: Name | C1: IT2114 | D1: IT2133 | E1: IT2153 | F1: IT2143 | G1: IT2122 | H1: GPA
A2: 2020/ICT/01 | B2: Ms. Udisha W.H.I | C2: A | D2: B+ | E2: A- | F2: A | G2: B | H2: =IFERROR( ROUND( ( (IF(C2="A+", 4, IF(C2="A", 4, IF(C2="A-", 3.7, IF(C2="B+", 3.3, IF(C2="B", 3, IF(C2="B-", 2.7, IF(C2="C+", 2.3, IF(C2="C", 2, IF(C2="C-", 1.7, IF(C2="D+", 1.3, IF(C2="D", 1, IF(C2="E", 0, 0))))))))))))) * 4 + (IF(D2="A+", 4, IF(D2="A", 4, IF(D2="A-", 3.7, IF(D2="B+", 3.3, IF(D2="B", 3, IF(D2="B-", 2.7, IF(D2="C+", 2.3, IF(D2="C", 2, IF(D2="C-", 1.7, IF(D2="D+", 1.3, IF(D2="D", 1, IF(D2="E", 0, 0))))))))))))) * 3 + (IF(E2="A+", 4, IF(E2="A", 4, IF(E2="A-", 3.7, IF(E2="B+", 3.3, IF(E2="B", 3, IF(E2="B-", 2.7, IF(E2="C+", 2.3, IF(E2="C", 2, IF(E2="C-", 1.7, IF(E2="D+", 1.3, IF(E2="D", 1, IF(E2="E", 0, 0))))))))))))) * 3 + (IF(F2="A+", 4, IF(F2="A", 4, IF(F2="A-", 3.7, IF(F2="B+", 3.3, IF(F2="B", 3, IF(F2="B-", 2.7, IF(F2="C+", 2.3, IF(F2="C", 2, IF(F2="C-", 1.7, IF(F2="D+", 1.3, IF(F2="D", 1, IF(F2="E", 0, 0))))))))))))) * 3 + (IF(G2="A+", 4, IF(G2="A", 4, IF(G2="A-", 3.7, IF(G2="B+", 3.3, IF(G2="B", 3, IF(G2="B-", 2.7, IF(G2="C+", 2.3, IF(G2="C", 2, IF(G2="C-", 1.7, IF(G2="D+", 1.3, IF(G2="D", 1, IF(G2="E", 0, 0))))))))))))) * 2 ) / (4 + 3 + 3 + 3 + 2), 2), 0) -> 3.67
A3: 2020/ICT/02 | B3: Mr. Imran B.M. | C3: absent | D3: C- | E3: absent | F3: C | G3: C | H3: =IFERROR( ROUND( ( (IF(C3="A+", 4, IF(C3="A", 4, IF(C3="A-", 3.7, IF(C3="B+", 3.3, IF(C3="B", 3, IF(C3="B-", 2.7, IF(C3="C+", 2.3, IF(C3="C", 2, IF(C3="C-", 1.7, IF(C3="D+", 1.3, IF(C3="D", 1, IF(C3="E", 0, 0))))))))))))) * 4 + (IF(D3="A+", 4, IF(D3="A", 4, IF(D3="A-", 3.7, IF(D3="B+", 3.3, IF(D3="B", 3, IF(D3="B-", 2.7, IF(D3="C+", 2.3, IF(D3="C", 2, IF(D3="C-", 1.7, IF(D3="D+", 1.3, IF(D3="D", 1, IF(D3="E", 0, 0))))))))))))) * 3 + (IF(E3="A+", 4, IF(E3="A", 4, IF(E3="A-", 3.7, IF(E3="B+", 3.3, IF(E3="B", 3, IF(E3="B-", 2.7, IF(E3="C+", 2.3, IF(E3="C", 2, IF(E3="C-", 1.7, IF(E3="D+", 1.3, IF(E3="D", 1, IF(E3="E", 0, 0))))))))))))) * 3 + (IF(F3="A+", 4, IF(F3="A", 4, IF(F3="A-", 3.7, IF(F3="B+", 3.3, IF(F3="B", 3, IF(F3="B-", 2.7, IF(F3="C+", 2.3, IF(F3="C", 2, IF(F3="C-", 1.7, IF(F3="D+", 1.3, IF(F3="D", 1, IF(F3="E", 0, 0))))))))))))) * 3 + (IF(G3="A+", 4, IF(G3="A", 4, IF(G3="A-", 3.7, IF(G3="B+", 3.3, IF(G3="B", 3, IF(G3="B-", 2.7, IF(G3="C+", 2.3, IF(G3="C", 2, IF(G3="C-", 1.7, IF(G3="D+", 1.3, IF(G3="D", 1, IF(G3="E", 0, 0))))))))))))) * 2) / (4 + 3 + 3 + 3 + 2), 2), 0) -> 1.01
A4: 2020/ICT/03 | B4: Ms. Shanmugarajah D. | C4: A- | D4: B | E4: C+ | F4: B | G4: B- | H4: =IFERROR( ROUND( ( (IF(C4="A+", 4, IF(C4="A", 4, IF(C4="A-", 3.7, IF(C4="B+", 3.3, IF(C4="B", 3, IF(C4="B-", 2.7, IF(C4="C+", 2.3, IF(C4="C", 2, IF(C4="C-", 1.7, IF(C4="D+", 1.3, IF(C4="D", 1, IF(C4="E", 0, 0))))))))))))) * 4 + (IF(D4="A+", 4, IF(D4="A", 4, IF(D4="A-", 3.7, IF(D4="B+", 3.3, IF(D4="B", 3, IF(D4="B-", 2.7, IF(D4="C+", 2.3, IF(D4="C", 2, IF(D4="C-", 1.7, IF(D4="D+", 1.3, IF(D4="D", 1, IF(D4="E", 0, 0))))))))))))) * 3 + (IF(E4="A+", 4, IF(E4="A", 4, IF(E4="A-", 3.7, IF(E4="B+", 3.3, IF(E4="B", 3, IF(E4="B-", 2.7, IF(E4="C+", 2.3, IF(E4="C", 2, IF(E4="C-", 1.7, IF(E4="D+", 1.3, IF(E4="D", 1, IF(E4="E", 0, 0))))))))))))) * 3 + (IF(F4="A+", 4, IF(F4="A", 4, IF(F4="A-", 3.7, IF(F4="B+", 3.3, IF(F4="B", 3, IF(F4="B-", 2.7, IF(F4="C+", 2.3, IF(F4="C", 2, IF(F4="C-", 1.7, IF(F4="D+", 1.3, IF(F4="D", 1, IF(F4="E", 0, 0))))))))))))) * 3 + (IF(G4="A+", 4, IF(G4="A", 4, IF(G4="A-", 3.7, IF(G4="B+", 3.3, IF(G4="B", 3, IF(G4="B-", 2.7, IF(G4="C+", 2.3, IF(G4="C", 2, IF(G4="C-", 1.7, IF(G4="D+", 1.3, IF(G4="D", 1, IF(G4="E", 0, 0))))))))))))) * 2) / (4 + 3 + 3 + 3 + 2), 2), 0) -> 3.01
A5: 2020/ICT/05 | B5: Mr. Muniweera K.G.U.K. | C5: A | D5: B+ | E5: E | F5: B | G5: B- | H5: =IFERROR( ROUND( ( (IF(C5="A+", 4, IF(C5="A", 4, IF(C5="A-", 3.7, IF(C5="B+", 3.3, IF(C5="B", 3, IF(C5="B-", 2.7, IF(C5="C+", 2.3, IF(C5="C", 2, IF(C5="C-", 1.7, IF(C5="D+", 1.3, IF(C5="D", 1, IF(C5="E", 0, 0))))))))))))) * 4 + (IF(D5="A+", 4, IF(D5="A", 4, IF(D5="A-", 3.7, IF(D5="B+", 3.3, IF(D5="B", 3, IF(D5="B-", 2.7, IF(D5="C+", 2.3, IF(D5="C", 2, IF(D5="C-", 1.7, IF(D5="D+", 1.3, IF(D5="D", 1, IF(D5="E", 0, 0))))))))))))) * 3 + (IF(E5="A+", 4, IF(E5="A", 4, IF(E5="A-", 3.7, IF(E5="B+", 3.3, IF(E5="B", 3, IF(E5="B-", 2.7, IF(E5="C+", 2.3, IF(E5="C", 2, IF(E5="C-", 1.7, IF(E5="D+", 1.3, IF(E5="D", 1, IF(E5="E", 0, 0))))))))))))) * 3 + (IF(F5="A+", 4, IF(F5="A", 4, IF(F5="A-", 3.7, IF(F5="B+", 3.3, IF(F5="B", 3, IF(F5="B-", 2.7, IF(F5="C+", 2.3, IF(F5="C", 2, IF(F5="C-", 1.7, IF(F5="D+", 1.3, IF(F5="D", 1, IF(F5="E", 0, 0))))))))))))) * 3 + (IF(G5="A+", 4, IF(G5="A", 4, IF(G5="A-", 3.7, IF(G5="B+", 3.3, IF(G5="B", 3, IF(G5="B-", 2.7, IF(G5="C+", 2.3, IF(G5="C", 2, IF(G5="C-", 1.7, IF(G5="D+", 1.3, IF(G5="D", 1, IF(G5="E", 0, 0))))))))))))) * 2) / (4 + 3 + 3 + 3 + 2), 2), 0) -> 2.69
A6: 2020/ICT/06 | B6: Ms. Lourdes Jellorine | C6: A+ | D6: A | E6: A+ | F6: A | G6: B | H6: =IFERROR( ROUND( ( (IF(C6="A+", 4, IF(C6="A", 4, IF(C6="A-", 3.7, IF(C6="B+", 3.3, IF(C6="B", 3, IF(C6="B-", 2.7, IF(C6="C+", 2.3, IF(C6="C", 2, IF(C6="C-", 1.7, IF(C6="D+", 1.3, IF(C6="D", 1, IF(C6="E", 0, 0))))))))))))) * 4 + (IF(D6="A+", 4, IF(D6="A", 4, IF(D6="A-", 3.7, IF(D6="B+", 3.3, IF(D6="B", 3, IF(D6="B-", 2.7, IF(D6="C+", 2.3, IF(D6="C", 2, IF(D6="C-", 1.7, IF(D6="D+", 1.3, IF(D6="D", 1, IF(D6="E", 0, 0))))))))))))) * 3 + (IF(E6="A+", 4, IF(E6="A", 4, IF(E6="A-", 3.7, IF(E6="B+", 3.3, IF(E6="B", 3, IF(E6="B-", 2.7, IF(E6="C+", 2.3, IF(E6="C", 2, IF(E6="C-", 1.7, IF(E6="D+", 1.3, IF(E6="D", 1, IF(E6="E", 0, 0))))))))))))) * 3 + (IF(F6="A+", 4, IF(F6="A", 4, IF(F6="A-", 3.7, IF(F6="B+", 3.3, IF(F6="B", 3, IF(F6="B-", 2.7, IF(F6="C+", 2.3, IF(F6="C", 2, IF(F6="C-", 1.7, IF(F6="D+", 1.3, IF(F6="D", 1, IF(F6="E", 0, 0))))))))))))) * 3 + (IF(G6="A+", 4, IF(G6="A", 4, IF(G6="A-", 3.7, IF(G6="B+", 3.3, IF(G6="B", 3, IF(G6="B-", 2.7, IF(G6="C+", 2.3, IF(G6="C", 2, IF(G6="C-", 1.7, IF(G6="D+", 1.3, IF(G6="D", 1, IF(G6="E", 0, 0))))))))))))) * 2) / (4 + 3 + 3 + 3 + 2), 2), 0) -> 3.87
A7: 2020/ICT/07 | B7: Mr. Nalawansa U.K | C7: A+ | D7: A- | E7: A- | F7: A | G7: B | H7: =IFERROR( ROUND( ( (IF(C7="A+", 4, IF(C7="A", 4, IF(C7="A-", 3.7, IF(C7="B+", 3.3, IF(C7="B", 3, IF(C7="B-", 2.7, IF(C7="C+", 2.3, IF(C7="C", 2, IF(C7="C-", 1.7, IF(C7="D+", 1.3, IF(C7="D", 1, IF(C7="E", 0, 0))))))))))))) * 4 + (IF(D7="A+", 4, IF(D7="A", 4, IF(D7="A-", 3.7, IF(D7="B+", 3.3, IF(D7="B", 3, IF(D7="B-", 2.7, IF(D7="C+", 2.3, IF(D7="C", 2, IF(D7="C-", 1.7, IF(D7="D+", 1.3, IF(D7="D", 1, IF(D7="E", 0, 0))))))))))))) * 3 + (IF(E7="A+", 4, IF(E7="A", 4, IF(E7="A-", 3.7, IF(E7="B+", 3.3, IF(E7="B", 3, IF(E7="B-", 2.7, IF(E7="C+", 2.3, IF(E7="C", 2, IF(E7="C-", 1.7, IF(E7="D+", 1.3, IF(E7="D", 1, IF(E7="E", 0, 0))))))))))))) * 3 + (IF(F7="A+", 4, IF(F7="A", 4, IF(F7="A-", 3.7, IF(F7="B+", 3.3, IF(F7="B", 3, IF(F7="B-", 2.7, IF(F7="C+", 2.3, IF(F7="C", 2, IF(F7="C-", 1.7, IF(F7="D+", 1.3, IF(F7="D", 1, IF(F7="E", 0, 0))))))))))))) * 3 + (IF(G7="A+", 4, IF(G7="A", 4, IF(G7="A-", 3.7, IF(G7="B+", 3.3, IF(G7="B", 3, IF(G7="B-", 2.7, IF(G7="C+", 2.3, IF(G7="C", 2, IF(G7="C-", 1.7, IF(G7="D+", 1.3, IF(G7="D", 1, IF(G7="E", 0, 0))))))))))))) * 2) / (4 + 3 + 3 + 3 + 2), 2), 0) -> 3.75
A8: 2020/ICT/08 | B8: Ms. Devakumar P. | C8: B- | D8: B | E8: C+ | F8: B- | G8: B- | H8: =IFERROR( ROUND( ( (IF(C8="A+", 4, IF(C8="A", 4, IF(C8="A-", 3.7, IF(C8="B+", 3.3, IF(C8="B", 3, IF(C8="B-", 2.7, IF(C8="C+", 2.3, IF(C8="C", 2, IF(C8="C-", 1.7, IF(C8="D+", 1.3, IF(C8="D", 1, IF(C8="E", 0, 0))))))))))))) * 4 + (IF(D8="A+", 4, IF(D8="A", 4, IF(D8="A-", 3.7, IF(D8="B+", 3.3, IF(D8="B", 3, IF(D8="B-", 2.7, IF(D8="C+", 2.3, IF(D8="C", 2, IF(D8="C-", 1.7, IF(D8="D+", 1.3, IF(D8="D", 1, IF(D8="E", 0, 0))))))))))))) * 3 + (IF(E8="A+", 4, IF(E8="A", 4, IF(E8="A-", 3.7, IF(E8="B+", 3.3, IF(E8="B", 3, IF(E8="B-", 2.7, IF(E8="C+", 2.3, IF(E8="C", 2, IF(E8="C-", 1.7, IF(E8="D+", 1.3, IF(E8="D", 1, IF(E8="E", 0, 0))))))))))))) * 3 + (IF(F8="A+", 4, IF(F8="A", 4, IF(F8="A-", 3.7, IF(F8="B+", 3.3, IF(F8="B", 3, IF(F8="B-", 2.7, IF(F8="C+", 2.3, IF(F8="C", 2, IF(F8="C-", 1.7, IF(F8="D+", 1.3, IF(F8="D", 1, IF(F8="E", 0, 0))))))))))))) * 3 + (IF(G8="A+", 4, IF(G8="A", 4, IF(G8="A-", 3.7, IF(G8="B+", 3.3, IF(G8="B", 3, IF(G8="B-", 2.7, IF(G8="C+", 2.3, IF(G8="C", 2, IF(G8="C-", 1.7, IF(G8="D+", 1.3, IF(G8="D", 1, IF(G8="E", 0, 0))))))))))))) * 2) / (4 + 3 + 3 + 3 + 2), 2), 0) -> 2.68
A9: 2020/ICT/09 | B9: Ms. Senevirathne S.A. | C9: B- | D9: C+ | E9: C | F9: C+ | G9: C+ | H9: =IFERROR( ROUND( ( (IF(C9="A+", 4, IF(C9="A", 4, IF(C9="A-", 3.7, IF(C9="B+", 3.3, IF(C9="B", 3, IF(C9="B-", 2.7, IF(C9="C+", 2.3, IF(C9="C", 2, IF(C9="C-", 1.7, IF(C9="D+", 1.3, IF(C9="D", 1, IF(C9="E", 0, 0))))))))))))) * 4 + (IF(D9="A+", 4, IF(D9="A", 4, IF(D9="A-", 3.7, IF(D9="B+", 3.3, IF(D9="B", 3, IF(D9="B-", 2.7, IF(D9="C+", 2.3, IF(D9="C", 2, IF(D9="C-", 1.7, IF(D9="D+", 1.3, IF(D9="D", 1, IF(D9="E", 0, 0))))))))))))) * 3 + (IF(E9="A+", 4, IF(E9="A", 4, IF(E9="A-", 3.7, IF(E9="B+", 3.3, IF(E9="B", 3, IF(E9="B-", 2.7, IF(E9="C+", 2.3, IF(E9="C", 2, IF(E9="C-", 1.7, IF(E9="D+", 1.3, IF(E9="D", 1, IF(E9="E", 0, 0))))))))))))) * 3 + (IF(F9="A+", 4, IF(F9="A", 4, IF(F9="A-", 3.7, IF(F9="B+", 3.3, IF(F9="B", 3, IF(F9="B-", 2.7, IF(F9="C+", 2.3, IF(F9="C", 2, IF(F9="C-", 1.7, IF(F9="D+", 1.3, IF(F9="D", 1, IF(F9="E", 0, 0))))))))))))) * 3 + (IF(G9="A+", 4, IF(G9="A", 4, IF(G9="A-", 3.7, IF(G9="B+", 3.3, IF(G9="B", 3, IF(G9="B-", 2.7, IF(G9="C+", 2.3, IF(G9="C", 2, IF(G9="C-", 1.7, IF(G9="D+", 1.3, IF(G9="D", 1, IF(G9="E", 0, 0))))))))))))) * 2) / (4 + 3 + 3 + 3 + 2), 2), 0) -> 2.35
A10: 2020/ICT/10 | B10: Ms. Jegatheeswaran V. | C10: B | D10: B+ | E10: B- | F10: B- | G10: B | H10: =IFERROR( ROUND( ( (IF(C10="A+", 4, IF(C10="A", 4, IF(C10="A-", 3.7, IF(C10="B+", 3.3, IF(C10="B", 3, IF(C10="B-", 2.7, IF(C10="C+", 2.3, IF(C10="C", 2, IF(C10="C-", 1.7, IF(C10="D+", 1.3, IF(C10="D", 1, IF(C10="E", 0, 0))))))))))))) * 4 + (IF(D10="A+", 4, IF(D10="A", 4, IF(D10="A-", 3.7, IF(D10="B+", 3.3, IF(D10="B", 3, IF(D10="B-", 2.7, IF(D10="C+", 2.3, IF(D10="C", 2, IF(D10="C-", 1.7, IF(D10="D+", 1.3, IF(D10="D", 1, IF(D10="E", 0, 0))))))))))))) * 3 + (IF(E10="A+", 4, IF(E10="A", 4, IF(E10="A-", 3.7, IF(E10="B+", 3.3, IF(E10="B", 3, IF(E10="B-", 2.7, IF(E10="C+", 2.3, IF(E10="C", 2, IF(E10="C-", 1.7, IF(E10="D+", 1.3, IF(E10="D", 1, IF(E10="E", 0, 0))))))))))))) * 3 + (IF(F10="A+", 4, IF(F10="A", 4, IF(F10="A-", 3.7, IF(F10="B+", 3.3, IF(F10="B", 3, IF(F10="B-", 2.7, IF(F10="C+", 2.3, IF(F10="C", 2, IF(F10="C-", 1.7, IF(F10="D+", 1.3, IF(F10="D", 1, IF(F10="E", 0, 0))))))))))))) * 3 + (IF(G10="A+", 4, IF(G10="A", 4, IF(G10="A-", 3.7, IF(G10="B+", 3.3, IF(G10="B", 3, IF(G10="B-", 2.7, IF(G10="C+", 2.3, IF(G10="C", 2, IF(G10="C-", 1.7, IF(G10="D+", 1.3, IF(G10="D", 1, IF(G10="E", 0, 0))))))))))))) * 2) / (4 + 3 + 3 + 3 + 2), 2), 0) -> 2.94
A11: 2020/ICT/12 | B11: Ms. Shahla A.A.F.S. | C11: A- | D11: A- | E11: B+ | F11: B | G11: C | H11: =IFERROR( ROUND( ( (IF(C11="A+", 4, IF(C11="A", 4, IF(C11="A-", 3.7, IF(C11="B+", 3.3, IF(C11="B", 3, IF(C11="B-", 2.7, IF(C11="C+", 2.3, IF(C11="C", 2, IF(C11="C-", 1.7, IF(C11="D+", 1.3, IF(C11="D", 1, IF(C11="E", 0, 0))))))))))))) * 4 + (IF(D11="A+", 4, IF(D11="A", 4, IF(D11="A-", 3.7, IF(D11="B+", 3.3, IF(D11="B", 3, IF(D11="B-", 2.7, IF(D11="C+", 2.3, IF(D11="C", 2, IF(D11="C-", 1.7, IF(D11="D+", 1.3, IF(D11="D", 1, IF(D11="E", 0, 0))))))))))))) * 3 + (IF(E11="A+", 4, IF(E11="A", 4, IF(E11="A-", 3.7, IF(E11="B+", 3.3, IF(E11="B", 3, IF(E11="B-", 2.7, IF(E11="C+", 2.3, IF(E11="C", 2, IF(E11="C-", 1.7, IF(E11="D+", 1.3, IF(E11="D", 1, IF(E11="E", 0, 0))))))))))))) * 3 + (IF(F11="A+", 4, IF(F11="A", 4, IF(F11="A-", 3.7, IF(F11="B+", 3.3, IF(F11="B", 3, IF(F11="B-", 2.7, IF(F11="C+", 2.3, IF(F11="C", 2, IF(F11="C-", 1.7, IF(F11="D+", 1.3, IF(F11="D", 1, IF(F11="E", 0, 0))))))))))))) * 3 + (IF(G11="A+", 4, IF(G11="A", 4, IF(G11="A-", 3.7, IF(G11="B+", 3.3, IF(G11="B", 3, IF(G11="B-", 2.7, IF(G11="C+", 2.3, IF(G11="C", 2, IF(G11="C-", 1.7, IF(G11="D+", 1.3, IF(G11="D", 1, IF(G11="E", 0, 0))))))))))))) * 2) / (4 + 3 + 3 + 3 + 2), 2), 0) -> 3.25
A12: 2020/ICT/13 | B12: Ms. Basheery M.K.T. | C12: C | D12: B | E12: C+ | F12: C+ | G12: C | H12: =IFERROR( ROUND( ( (IF(C12="A+", 4, IF(C12="A", 4, IF(C12="A-", 3.7, IF(C12="B+", 3.3, IF(C12="B", 3, IF(C12="B-", 2.7, IF(C12="C+", 2.3, IF(C12="C", 2, IF(C12="C-", 1.7, IF(C12="D+", 1.3, IF(C12="D", 1, IF(C12="E", 0, 0))))))))))))) * 4 + (IF(D12="A+", 4, IF(D12="A", 4, IF(D12="A-", 3.7, IF(D12="B+", 3.3, IF(D12="B", 3, IF(D12="B-", 2.7, IF(D12="C+", 2.3, IF(D12="C", 2, IF(D12="C-", 1.7, IF(D12="D+", 1.3, IF(D12="D", 1, IF(D12="E", 0, 0))))))))))))) * 3 + (IF(E12="A+", 4, IF(E12="A", 4, IF(E12="A-", 3.7, IF(E12="B+", 3.3, IF(E12="B", 3, IF(E12="B-", 2.7, IF(E12="C+", 2.3, IF(E12="C", 2, IF(E12="C-", 1.7, IF(E12="D+", 1.3, IF(E12="D", 1, IF(E12="E", 0, 0))))))))))))) * 3 + (IF(F12="A+", 4, IF(F12="A", 4, IF(F12="A-", 3.7, IF(F12="B+", 3.3, IF(F12="B", 3, IF(F12="B-", 2.7, IF(F12="C+", 2.3, IF(F12="C", 2, IF(F12="C-", 1.7, IF(F12="D+", 1.3, IF(F12="D", 1, IF(F12="E", 0, 0))))))))))))) * 3 + (IF(G12="A+", 4, IF(G12="A", 4, IF(G12="A-", 3.7, IF(G12="B+", 3.3, IF(G12="B", 3, IF(G12="B-", 2.7, IF(G12="C+", 2.3, IF(G12="C", 2, IF(G12="C-", 1.7, IF(G12="D+", 1.3, IF(G12="D", 1, IF(G12="E", 0, 0))))))))))))) * 2) / (4 + 3 + 3 + 3 + 2), 2), 0) -> 2.32
A13: 2020/ICT/14 | B13: Ms. Minha M.S.F. | C13: A | D13: A- | E13: B+ | F13: B+ | G13: C+ | H13: =IFERROR( ROUND( ( (IF(C13="A+", 4, IF(C13="A", 4, IF(C13="A-", 3.7, IF(C13="B+", 3.3, IF(C13="B", 3, IF(C13="B-", 2.7, IF(C13="C+", 2.3, IF(C13="C", 2, IF(C13="C-", 1.7, IF(C13="D+", 1.3, IF(C13="D", 1, IF(C13="E", 0, 0))))))))))))) * 4 + (IF(D13="A+", 4, IF(D13="A", 4, IF(D13="A-", 3.7, IF(D13="B+", 3.3, IF(D13="B", 3, IF(D13="B-", 2.7, IF(D13="C+", 2.3, IF(D13="C", 2, IF(D13="C-", 1.7, IF(D13="D+", 1.3, IF(D13="D", 1, IF(D13="E", 0, 0))))))))))))) * 3 + (IF(E13="A+", 4, IF(E13="A", 4, IF(E13="A-", 3.7, IF(E13="B+", 3.3, IF(E13="B", 3, IF(E13="B-", 2.7, IF(E13="C+", 2.3, IF(E13="C", 2, IF(E13="C-", 1.7, IF(E13="D+", 1.3, IF(E13="D", 1, IF(E13="E", 0, 0))))))))))))) * 3 + (IF(F13="A+", 4, IF(F13="A", 4, IF(F13="A-", 3.7, IF(F13="B+", 3.3, IF(F13="B", 3, IF(F13="B-", 2.7, IF(F13="C+", 2.3, IF(F13="C", 2, IF(F13="C-", 1.7, IF(F13="D+", 1.3, IF(F13="D", 1, IF(F13="E", 0, 0))))))))))))) * 3 + (IF(G13="A+", 4, IF(G13="A", 4, IF(G13="A-", 3.7, IF(G13="B+", 3.3, IF(G13="B", 3, IF(G13="B-", 2.7, IF(G13="C+", 2.3, IF(G13="C", 2, IF(G13="C-", 1.7, IF(G13="D+", 1.3, IF(G13="D", 1, IF(G13="E", 0, 0))))))))))))) * 2) / (4 + 3 + 3 + 3 + 2), 2), 0) -> 3.43
A14: 2020/ICT/15 | B14: Mr. Krishan S. | C14: B+ | D14: B- | E14: C+ | F14: B+ | G14: B+ | H14: =IFERROR( ROUND( ( (IF(C14="A+", 4, IF(C14="A", 4, IF(C14="A-", 3.7, IF(C14="B+", 3.3, IF(C14="B", 3, IF(C14="B-", 2.7, IF(C14="C+", 2.3, IF(C14="C", 2, IF(C14="C-", 1.7, IF(C14="D+", 1.3, IF(C14="D", 1, IF(C14="E", 0, 0))))))))))))) * 4 + (IF(D14="A+", 4, IF(D14="A", 4, IF(D14="A-", 3.7, IF(D14="B+", 3.3, IF(D14="B", 3, IF(D14="B-", 2.7, IF(D14="C+", 2.3, IF(D14="C", 2, IF(D14="C-", 1.7, IF(D14="D+", 1.3, IF(D14="D", 1, IF(D14="E", 0, 0))))))))))))) * 3 + (IF(E14="A+", 4, IF(E14="A", 4, IF(E14="A-", 3.7, IF(E14="B+", 3.3, IF(E14="B", 3, IF(E14="B-", 2.7, IF(E14="C+", 2.3, IF(E14="C", 2, IF(E14="C-", 1.7, IF(E14="D+", 1.3, IF(E14="D", 1, IF(E14="E", 0, 0))))))))))))) * 3 + (IF(F14="A+", 4, IF(F14="A", 4, IF(F14="A-", 3.7, IF(F14="B+", 3.3, IF(F14="B", 3, IF(F14="B-", 2.7, IF(F14="C+", 2.3, IF(F14="C", 2, IF(F14="C-", 1.7, IF(F14="D+", 1.3, IF(F14="D", 1, IF(F14="E", 0, 0))))))))))))) * 3 + (IF(G14="A+", 4, IF(G14="A", 4, IF(G14="A-", 3.7, IF(G14="B+", 3.3, IF(G14="B", 3, IF(G14="B-", 2.7, IF(G14="C+", 2.3, IF(G14="C", 2, IF(G14="C-", 1.7, IF(G14="D+", 1.3, IF(G14="D", 1, IF(G14="E", 0, 0))))))))))))) * 2) / (4 + 3 + 3 + 3 + 2), 2), 0) -> 2.98
... A74: 2020/ICT/85 | B74: Ms. Gunarathna P.M.D.P.R.P. | C74: B+ | D74: A- | E74: B- | F74: B- | G74: B- | H74: =IFERROR( ROUND( ( (IF(C74="A+", 4, IF(C74="A", 4, IF(C74="A-", 3.7, IF(C74="B+", 3.3, IF(C74="B", 3, IF(C74="B-", 2.7, IF(C74="C+", 2.3, IF(C74="C", 2, IF(C74="C-", 1.7, IF(C74="D+", 1.3, IF(C74="D", 1, IF(C74="E", 0, 0))))))))))))) * 4 + (IF(D74="A+", 4, IF(D74="A", 4, IF(D74="A-", 3.7, IF(D74="B+", 3.3, IF(D74="B", 3, IF(D74="B-", 2.7, IF(D74="C+", 2.3, IF(D74="C", 2, IF(D74="C-", 1.7, IF(D74="D+", 1.3, IF(D74="D", 1, IF(D74="E", 0, 0))))))))))))) * 3 + (IF(E74="A+", 4, IF(E74="A", 4, IF(E74="A-", 3.7, IF(E74="B+", 3.3, IF(E74="B", 3, IF(E74="B-", 2.7, IF(E74="C+", 2.3, IF(E74="C", 2, IF(E74="C-", 1.7, IF(E74="D+", 1.3, IF(E74="D", 1, IF(E74="E", 0, 0))))))))))))) * 3 + (IF(F74="A+", 4, IF(F74="A", 4, IF(F74="A-", 3.7, IF(F74="B+", 3.3, IF(F74="B", 3, IF(F74="B-", 2.7, IF(F74="C+", 2.3, IF(F74="C", 2, IF(F74="C-", 1.7, IF(F74="D+", 1.3, IF(F74="D", 1, IF(F74="E", 0, 0))))))))))))) * 3 + (IF(G74="A+", 4, IF(G74="A", 4, IF(G74="A-", 3.7, IF(G74="B+", 3.3, IF(G74="B", 3, IF(G74="B-", 2.7, IF(G74="C+", 2.3, IF(G74="C", 2, IF(G74="C-", 1.7, IF(G74="D+", 1.3, IF(G74="D", 1, IF(G74="E", 0, 0))))))))))))) * 2) / (4 + 3 + 3 + 3 + 2), 2), 0) -> 3.06
A75: 2020/ICT/86 | B75: Ms. Niwandana N.P.K.M. | C75: B+ | D75: A- | E75: B | F75: C | H75: =IFERROR( ROUND( ( (IF(C75="A+", 4, IF(C75="A", 4, IF(C75="A-", 3.7, IF(C75="B+", 3.3, IF(C75="B", 3, IF(C75="B-", 2.7, IF(C75="C+", 2.3, IF(C75="C", 2, IF(C75="C-", 1.7, IF(C75="D+", 1.3, IF(C75="D", 1, IF(C75="E", 0, 0))))))))))))) * 4 + (IF(D75="A+", 4, IF(D75="A", 4, IF(D75="A-", 3.7, IF(D75="B+", 3.3, IF(D75="B", 3, IF(D75="B-", 2.7, IF(D75="C+", 2.3, IF(D75="C", 2, IF(D75="C-", 1.7, IF(D75="D+", 1.3, IF(D75="D", 1, IF(D75="E", 0, 0))))))))))))) * 3 + (IF(E75="A+", 4, IF(E75="A", 4, IF(E75="A-", 3.7, IF(E75="B+", 3.3, IF(E75="B", 3, IF(E75="B-", 2.7, IF(E75="C+", 2.3, IF(E75="C", 2, IF(E75="C-", 1.7, IF(E75="D+", 1.3, IF(E75="D", 1, IF(E75="E", 0, 0))))))))))))) * 3 + (IF(F75="A+", 4, IF(F75="A", 4, IF(F75="A-", 3.7, IF(F75="B+", 3.3, IF(F75="B", 3, IF(F75="B-", 2.7, IF(F75="C+", 2.3, IF(F75="C", 2, IF(F75="C-", 1.7, IF(F75="D+", 1.3, IF(F75="D", 1, IF(F75="E", 0, 0))))))))))))) * 3 + (IF(G75="A+", 4, IF(G75="A", 4, IF(G75="A-", 3.7, IF(G75="B+", 3.3, IF(G75="B", 3, IF(G75="B-", 2.7, IF(G75="C+", 2.3, IF(G75="C", 2, IF(G75="C-", 1.7, IF(G75="D+", 1.3, IF(G75="D", 1, IF(G75="E", 0, 0))))))))))))) * 2) / (4 + 3 + 3 + 3 + 2), 2), 0) -> 2.62
A76: 2020/ICT/87 | B76: Ms. Jayasundara J.M.G.R. | C76: B | D76: B | E76: B+ | F76: B- | G76: C+ | H76: =IFERROR( ROUND( ( (IF(C76="A+", 4, IF(C76="A", 4, IF(C76="A-", 3.7, IF(C76="B+", 3.3, IF(C76="B", 3, IF(C76="B-", 2.7, IF(C76="C+", 2.3, IF(C76="C", 2, IF(C76="C-", 1.7, IF(C76="D+", 1.3, IF(C76="D", 1, IF(C76="E", 0, 0))))))))))))) * 4 + (IF(D76="A+", 4, IF(D76="A", 4, IF(D76="A-", 3.7, IF(D76="B+", 3.3, IF(D76="B", 3, IF(D76="B-", 2.7, IF(D76="C+", 2.3, IF(D76="C", 2, IF(D76="C-", 1.7, IF(D76="D+", 1.3, IF(D76="D", 1, IF(D76="E", 0, 0))))))))))))) * 3 + (IF(E76="A+", 4, IF(E76="A", 4, IF(E76="A-", 3.7, IF(E76="B+", 3.3, IF(E76="B", 3, IF(E76="B-", 2.7, IF(E76="C+", 2.3, IF(E76="C", 2, IF(E76="C-", 1.7, IF(E76="D+", 1.3, IF(E76="D", 1, IF(E76="E", 0, 0))))))))))))) * 3 + (IF(F76="A+", 4, IF(F76="A", 4, IF(F76="A-", 3.7, IF(F76="B+", 3.3, IF(F76="B", 3, IF(F76="B-", 2.7, IF(F76="C+", 2.3, IF(F76="C", 2, IF(F76="C-", 1.7, IF(F76="D+", 1.3, IF(F76="D", 1, IF(F76="E", 0, 0))))))))))))) * 3 + (IF(G76="A+", 4, IF(G76="A", 4, IF(G76="A-", 3.7, IF(G76="B+", 3.3, IF(G76="B", 3, IF(G76="B-", 2.7, IF(G76="C+", 2.3, IF(G76="C", 2, IF(G76="C-", 1.7, IF(G76="D+", 1.3, IF(G76="D", 1, IF(G76="E", 0, 0))))))))))))) * 2) / (4 + 3 + 3 + 3 + 2), 2), 0) -> 2.91
A77: 2020/ICT/88 | B77: Ms. Perera KNR | C77: B- | D77: C | E77: C | F77: C | G77: C | H77: =IFERROR( ROUND( ( (IF(C77="A+", 4, IF(C77="A", 4, IF(C77="A-", 3.7, IF(C77="B+", 3.3, IF(C77="B", 3, IF(C77="B-", 2.7, IF(C77="C+", 2.3, IF(C77="C", 2, IF(C77="C-", 1.7, IF(C77="D+", 1.3, IF(C77="D", 1, IF(C77="E", 0, 0))))))))))))) * 4 + (IF(D77="A+", 4, IF(D77="A", 4, IF(D77="A-", 3.7, IF(D77="B+", 3.3, IF(D77="B", 3, IF(D77="B-", 2.7, IF(D77="C+", 2.3, IF(D77="C", 2, IF(D77="C-", 1.7, IF(D77="D+", 1.3, IF(D77="D", 1, IF(D77="E", 0, 0))))))))))))) * 3 + (IF(E77="A+", 4, IF(E77="A", 4, IF(E77="A-", 3.7, IF(E77="B+", 3.3, IF(E77="B", 3, IF(E77="B-", 2.7, IF(E77="C+", 2.3, IF(E77="C", 2, IF(E77="C-", 1.7, IF(E77="D+", 1.3, IF(E77="D", 1, IF(E77="E", 0, 0))))))))))))) * 3 + (IF(F77="A+", 4, IF(F77="A", 4, IF(F77="A-", 3.7, IF(F77="B+", 3.3, IF(F77="B", 3, IF(F77="B-", 2.7, IF(F77="C+", 2.3, IF(F77="C", 2, IF(F77="C-", 1.7, IF(F77="D+", 1.3, IF(F77="D", 1, IF(F77="E", 0, 0))))))))))))) * 3 + (IF(G77="A+", 4, IF(G77="A", 4, IF(G77="A-", 3.7, IF(G77="B+", 3.3, IF(G77="B", 3, IF(G77="B-", 2.7, IF(G77="C+", 2.3, IF(G77="C", 2, IF(G77="C-", 1.7, IF(G77="D+", 1.3, IF(G77="D", 1, IF(G77="E", 0, 0))))))))))))) * 2) / (4 + 3 + 3 + 3 + 2), 2), 0) -> 2.19
A78: 2020/ICT/90 | B78: Ms. Madhushani K.M.I.I | C78: B+ | D78: A- | E78: B+ | F78: C+ | G78: B- | H78: =IFERROR( ROUND( ( (IF(C78="A+", 4, IF(C78="A", 4, IF(C78="A-", 3.7, IF(C78="B+", 3.3, IF(C78="B", 3, IF(C78="B-", 2.7, IF(C78="C+", 2.3, IF(C78="C", 2, IF(C78="C-", 1.7, IF(C78="D+", 1.3, IF(C78="D", 1, IF(C78="E", 0, 0))))))))))))) * 4 + (IF(D78="A+", 4, IF(D78="A", 4, IF(D78="A-", 3.7, IF(D78="B+", 3.3, IF(D78="B", 3, IF(D78="B-", 2.7, IF(D78="C+", 2.3, IF(D78="C", 2, IF(D78="C-", 1.7, IF(D78="D+", 1.3, IF(D78="D", 1, IF(D78="E", 0, 0))))))))))))) * 3 + (IF(E78="A+", 4, IF(E78="A", 4, IF(E78="A-", 3.7, IF(E78="B+", 3.3, IF(E78="B", 3, IF(E78="B-", 2.7, IF(E78="C+", 2.3, IF(E78="C", 2, IF(E78="C-", 1.7, IF(E78="D+", 1.3, IF(E78="D", 1, IF(E78="E", 0, 0))))))))))))) * 3 + (IF(F78="A+", 4, IF(F78="A", 4, IF(F78="A-", 3.7, IF(F78="B+", 3.3, IF(F78="B", 3, IF(F78="B-", 2.7, IF(F78="C+", 2.3, IF(F78="C", 2, IF(F78="C-", 1.7, IF(F78="D+", 1.3, IF(F78="D", 1, IF(F78="E", 0, 0))))))))))))) * 3 + (IF(G78="A+", 4, IF(G78="A", 4, IF(G78="A-", 3.7, IF(G78="B+", 3.3, IF(G78="B", 3, IF(G78="B-", 2.7, IF(G78="C+", 2.3, IF(G78="C", 2, IF(G78="C-", 1.7, IF(G78="D+", 1.3, IF(G78="D", 1, IF(G78="E", 0, 0))))))))))))) * 2) / (4 + 3 + 3 + 3 + 2), 2), 0) -> 3.1
A79: 2020/ICT/91 | B79: Ms. Perera H.D.S. | C79: A- | D79: B+ | E79: B+ | F79: B+ | G79: C | H79: =IFERROR( ROUND( ( (IF(C79="A+", 4, IF(C79="A", 4, IF(C79="A-", 3.7, IF(C79="B+", 3.3, IF(C79="B", 3, IF(C79="B-", 2.7, IF(C79="C+", 2.3, IF(C79="C", 2, IF(C79="C-", 1.7, IF(C79="D+", 1.3, IF(C79="D", 1, IF(C79="E", 0, 0))))))))))))) * 4 + (IF(D79="A+", 4, IF(D79="A", 4, IF(D79="A-", 3.7, IF(D79="B+", 3.3, IF(D79="B", 3, IF(D79="B-", 2.7, IF(D79="C+", 2.3, IF(D79="C", 2, IF(D79="C-", 1.7, IF(D79="D+", 1.3, IF(D79="D", 1, IF(D79="E", 0, 0))))))))))))) * 3 + (IF(E79="A+", 4, IF(E79="A", 4, IF(E79="A-", 3.7, IF(E79="B+", 3.3, IF(E79="B", 3, IF(E79="B-", 2.7, IF(E79="C+", 2.3, IF(E79="C", 2, IF(E79="C-", 1.7, IF(E79="D+", 1.3, IF(E79="D", 1, IF(E79="E", 0, 0))))))))))))) * 3 + (IF(F79="A+", 4, IF(F79="A", 4, IF(F79="A-", 3.7, IF(F79="B+", 3.3, IF(F79="B", 3, IF(F79="B-", 2.7, IF(F79="C+", 2.3, IF(F79="C", 2, IF(F79="C-", 1.7, IF(F79="D+", 1.3, IF(F79="D", 1, IF(F79="E", 0, 0))))))))))))) * 3 + (IF(G79="A+", 4, IF(G79="A", 4, IF(G79="A-", 3.7, IF(G79="B+", 3.3, IF(G79="B", 3, IF(G79="B-", 2.7, IF(G79="C+", 2.3, IF(G79="C", 2, IF(G79="C-", 1.7, IF(G79="D+", 1.3, IF(G79="D", 1, IF(G79="E", 0, 0))))))))))))) * 2) / (4 + 3 + 3 + 3 + 2), 2), 0) -> 3.23
A80: 2020/ICT/92 | B80: Mr. Kulathunga M.A.S.S. | C80: A+ | D80: A- | E80: A- | F80: A- | G80: B | H80: =IFERROR( ROUND( ( (IF(C80="A+", 4, IF(C80="A", 4, IF(C80="A-", 3.7, IF(C80="B+", 3.3, IF(C80="B", 3, IF(C80="B-", 2.7, IF(C80="C+", 2.3, IF(C80="C", 2, IF(C80="C-", 1.7, IF(C80="D+", 1.3, IF(C80="D", 1, IF(C80="E", 0, 0))))))))))))) * 4 + (IF(D80="A+", 4, IF(D80="A", 4, IF(D80="A-", 3.7, IF(D80="B+", 3.3, IF(D80="B", 3, IF(D80="B-", 2.7, IF(D80="C+", 2.3, IF(D80="C", 2, IF(D80="C-", 1.7, IF(D80="D+", 1.3, IF(D80="D", 1, IF(D80="E", 0, 0))))))))))))) * 3 + (IF(E80="A+", 4, IF(E80="A", 4, IF(E80="A-", 3.7, IF(E80="B+", 3.3, IF(E80="B", 3, IF(E80="B-", 2.7, IF(E80="C+", 2.3, IF(E80="C", 2, IF(E80="C-", 1.7, IF(E80="D+", 1.3, IF(E80="D", 1, IF(E80="E", 0, 0))))))))))))) * 3 + (IF(F80="A+", 4, IF(F80="A", 4, IF(F80="A-", 3.7, IF(F80="B+", 3.3, IF(F80="B", 3, IF(F80="B-", 2.7, IF(F80="C+", 2.3, IF(F80="C", 2, IF(F80="C-", 1.7, IF(F80="D+", 1.3, IF(F80="D", 1, IF(F80="E", 0, 0))))))))))))) * 3 + (IF(G80="A+", 4, IF(G80="A", 4, IF(G80="A-", 3.7, IF(G80="B+", 3.3, IF(G80="B", 3, IF(G80="B-", 2.7, IF(G80="C+", 2.3, IF(G80="C", 2, IF(G80="C-", 1.7, IF(G80="D+", 1.3, IF(G80="D", 1, IF(G80="E", 0, 0))))))))))))) * 2) / (4 + 3 + 3 + 3 + 2), 2), 0) -> 3.69
A81: 2020/ICT/93 | B81: Mr. Jayathunga R.P. | C81: A+ | D81: A- | E81: A- | F81: A- | G81: B- | H81: =IFERROR( ROUND( ( (IF(C81="A+", 4, IF(C81="A", 4, IF(C81="A-", 3.7, IF(C81="B+", 3.3, IF(C81="B", 3, IF(C81="B-", 2.7, IF(C81="C+", 2.3, IF(C81="C", 2, IF(C81="C-", 1.7, IF(C81="D+", 1.3, IF(C81="D", 1, IF(C81="E", 0, 0))))))))))))) * 4 + (IF(D81="A+", 4, IF(D81="A", 4, IF(D81="A-", 3.7, IF(D81="B+", 3.3, IF(D81="B", 3, IF(D81="B-", 2.7, IF(D81="C+", 2.3, IF(D81="C", 2, IF(D81="C-", 1.7, IF(D81="D+", 1.3, IF(D81="D", 1, IF(D81="E", 0, 0))))))))))))) * 3 + (IF(E81="A+", 4, IF(E81="A", 4, IF(E81="A-", 3.7, IF(E81="B+", 3.3, IF(E81="B", 3, IF(E81="B-", 2.7, IF(E81="C+", 2.3, IF(E81="C", 2, IF(E81="C-", 1.7, IF(E81="D+", 1.3, IF(E81="D", 1, IF(E81="E", 0, 0))))))))))))) * 3 + (IF(F81="A+", 4, IF(F81="A", 4, IF(F81="A-", 3.7, IF(F81="B+", 3.3, IF(F81="B", 3, IF(F81="B-", 2.7, IF(F81="C+", 2.3, IF(F81="C", 2, IF(F81="C-", 1.7, IF(F81="D+", 1.3, IF(F81="D", 1, IF(F81="E", 0, 0))))))))))))) * 3 + (IF(G81="A+", 4, IF(G81="A", 4, IF(G81="A-", 3.7, IF(G81="B+", 3.3, IF(G81="B", 3, IF(G81="B-", 2.7, IF(G81="C+", 2.3, IF(G81="C", 2, IF(G81="C-", 1.7, IF(G81="D+", 1.3, IF(G81="D", 1, IF(G81="E", 0, 0))))))))))))) * 2) / (4 + 3 + 3 + 3 + 2), 2), 0) -> 3.65
A82: 2020/ICT/94 | B82: Ms. Wanninayake P.S. | C82: B- | D82: A- | E82: C+ | F82: C | G82: C+ | H82: =IFERROR( ROUND( ( (IF(C82="A+", 4, IF(C82="A", 4, IF(C82="A-", 3.7, IF(C82="B+", 3.3, IF(C82="B", 3, IF(C82="B-", 2.7, IF(C82="C+", 2.3, IF(C82="C", 2, IF(C82="C-", 1.7, IF(C82="D+", 1.3, IF(C82="D", 1, IF(C82="E", 0, 0))))))))))))) * 4 + (IF(D82="A+", 4, IF(D82="A", 4, IF(D82="A-", 3.7, IF(D82="B+", 3.3, IF(D82="B", 3, IF(D82="B-", 2.7, IF(D82="C+", 2.3, IF(D82="C", 2, IF(D82="C-", 1.7, IF(D82="D+", 1.3, IF(D82="D", 1, IF(D82="E", 0, 0))))))))))))) * 3 + (IF(E82="A+", 4, IF(E82="A", 4, IF(E82="A-", 3.7, IF(E82="B+", 3.3, IF(E82="B", 3, IF(E82="B-", 2.7, IF(E82="C+", 2.3, IF(E82="C", 2, IF(E82="C-", 1.7, IF(E82="D+", 1.3, IF(E82="D", 1, IF(E82="E", 0, 0))))))))))))) * 3 + (IF(F82="A+", 4, IF(F82="A", 4, IF(F82="A-", 3.7, IF(F82="B+", 3.3, IF(F82="B", 3, IF(F82="B-", 2.7, IF(F82="C+", 2.3, IF(F82="C", 2, IF(F82="C-", 1.7, IF(F82="D+", 1.3, IF(F82="D", 1, IF(F82="E", 0, 0))))))))))))) * 3 + (IF(G82="A+", 4, IF(G82="A", 4, IF(G82="A-", 3.7, IF(G82="B+", 3.3, IF(G82="B", 3, IF(G82="B-", 2.7, IF(G82="C+", 2.3, IF(G82="C", 2, IF(G82="C-", 1.7, IF(G82="D+", 1.3, IF(G82="D", 1, IF(G82="E", 0, 0))))))))))))) * 2) / (4 + 3 + 3 + 3 + 2), 2), 0) -> 2.63
A83: 2020/ICT/95 | B83: Ms. Liyanaarachchi W.L.A.D. | C83: A- | D83: B+ | E83: B | F83: B+ | G83: B- | H83: =IFERROR( ROUND( ( (IF(C83="A+", 4, IF(C83="A", 4, IF(C83="A-", 3.7, IF(C83="B+", 3.3, IF(C83="B", 3, IF(C83="B-", 2.7, IF(C83="C+", 2.3, IF(C83="C", 2, IF(C83="C-", 1.7, IF(C83="D+", 1.3, IF(C83="D", 1, IF(C83="E", 0, 0))))))))))))) * 4 + (IF(D83="A+", 4, IF(D83="A", 4, IF(D83="A-", 3.7, IF(D83="B+", 3.3, IF(D83="B", 3, IF(D83="B-", 2.7, IF(D83="C+", 2.3, IF(D83="C", 2, IF(D83="C-", 1.7, IF(D83="D+", 1.3, IF(D83="D", 1, IF(D83="E", 0, 0))))))))))))) * 3 + (IF(E83="A+", 4, IF(E83="A", 4, IF(E83="A-", 3.7, IF(E83="B+", 3.3, IF(E83="B", 3, IF(E83="B-", 2.7, IF(E83="C+", 2.3, IF(E83="C", 2, IF(E83="C-", 1.7, IF(E83="D+", 1.3, IF(E83="D", 1, IF(E83="E", 0, 0))))))))))))) * 3 + (IF(F83="A+", 4, IF(F83="A", 4, IF(F83="A-", 3.7, IF(F83="B+", 3.3, IF(F83="B", 3, IF(F83="B-", 2.7, IF(F83="C+", 2.3, IF(F83="C", 2, IF(F83="C-", 1.7, IF(F83="D+", 1.3, IF(F83="D", 1, IF(F83="E", 0, 0))))))))))))) * 3 + (IF(G83="A+", 4, IF(G83="A", 4, IF(G83="A-", 3.7, IF(G83="B+", 3.3, IF(G83="B", 3, IF(G83="B-", 2.7, IF(G83="C+", 2.3, IF(G83="C", 2, IF(G83="C-", 1.7, IF(G83="D+", 1.3, IF(G83="D", 1, IF(G83="E", 0, 0))))))))))))) * 2) / (4 + 3 + 3 + 3 + 2), 2), 0) -> 3.27
A84: 2020/ICT/96 | B84: Ms Dharmapriya K.S.A. | C84: A+ | D84: B | E84: A | F84: A- | G84: B- | H84: =IFERROR( ROUND( ( (IF(C84="A+", 4, IF(C84="A", 4, IF(C84="A-", 3.7, IF(C84="B+", 3.3, IF(C84="B", 3, IF(C84="B-", 2.7, IF(C84="C+", 2.3, IF(C84="C", 2, IF(C84="C-", 1.7, IF(C84="D+", 1.3, IF(C84="D", 1, IF(C84="E", 0, 0))))))))))))) * 4 + (IF(D84="A+", 4, IF(D84="A", 4, IF(D84="A-", 3.7, IF(D84="B+", 3.3, IF(D84="B", 3, IF(D84="B-", 2.7, IF(D84="C+", 2.3, IF(D84="C", 2, IF(D84="C-", 1.7, IF(D84="D+", 1.3, IF(D84="D", 1, IF(D84="E", 0, 0))))))))))))) * 3 + (IF(E84="A+", 4, IF(E84="A", 4, IF(E84="A-", 3.7, IF(E84="B+", 3.3, IF(E84="B", 3, IF(E84="B-", 2.7, IF(E84="C+", 2.3, IF(E84="C", 2, IF(E84="C-", 1.7, IF(E84="D+", 1.3, IF(E84="D", 1, IF(E84="E", 0, 0))))))))))))) * 3 + (IF(F84="A+", 4, IF(F84="A", 4, IF(F84="A-", 3.7, IF(F84="B+", 3.3, IF(F84="B", 3, IF(F84="B-", 2.7, IF(F84="C+", 2.3, IF(F84="C", 2, IF(F84="C-", 1.7, IF(F84="D+", 1.3, IF(F84="D", 1, IF(F84="E", 0, 0))))))))))))) * 3 + (IF(G84="A+", 4, IF(G84="A", 4, IF(G84="A-", 3.7, IF(G84="B+", 3.3, IF(G84="B", 3, IF(G84="B-", 2.7, IF(G84="C+", 2.3, IF(G84="C", 2, IF(G84="C-", 1.7, IF(G84="D+", 1.3, IF(G84="D", 1, IF(G84="E", 0, 0))))))))))))) * 2) / (4 + 3 + 3 + 3 + 2), 2), 0) -> 3.57
A85: 2020/ICT/97 | B85: Mr. Ponnamperuma N.P. | C85: A+ | D85: A | E85: B | F85: A- | G85: B- | H85: =IFERROR( ROUND( ( (IF(C85="A+", 4, IF(C85="A", 4, IF(C85="A-", 3.7, IF(C85="B+", 3.3, IF(C85="B", 3, IF(C85="B-", 2.7, IF(C85="C+", 2.3, IF(C85="C", 2, IF(C85="C-", 1.7, IF(C85="D+", 1.3, IF(C85="D", 1, IF(C85="E", 0, 0))))))))))))) * 4 + (IF(D85="A+", 4, IF(D85="A", 4, IF(D85="A-", 3.7, IF(D85="B+", 3.3, IF(D85="B", 3, IF(D85="B-", 2.7, IF(D85="C+", 2.3, IF(D85="C", 2, IF(D85="C-", 1.7, IF(D85="D+", 1.3, IF(D85="D", 1, IF(D85="E", 0, 0))))))))))))) * 3 + (IF(E85="A+", 4, IF(E85="A", 4, IF(E85="A-", 3.7, IF(E85="B+", 3.3, IF(E85="B", 3, IF(E85="B-", 2.7, IF(E85="C+", 2.3, IF(E85="C", 2, IF(E85="C-", 1.7, IF(E85="D+", 1.3, IF(E85="D", 1, IF(E85="E", 0, 0))))))))))))) * 3 + (IF(F85="A+", 4, IF(F85="A", 4, IF(F85="A-", 3.7, IF(F85="B+", 3.3, IF(F85="B", 3, IF(F85="B-", 2.7, IF(F85="C+", 2.3, IF(F85="C", 2, IF(F85="C-", 1.7, IF(F85="D+", 1.3, IF(F85="D", 1, IF(F85="E", 0, 0))))))))))))) * 3 + (IF(G85="A+", 4, IF(G85="A", 4, IF(G85="A-", 3.7, IF(G85="B+", 3.3, IF(G85="B", 3, IF(G85="B-", 2.7, IF(G85="C+", 2.3, IF(G85="C", 2, IF(G85="C-", 1.7, IF(G85="D+", 1.3, IF(G85="D", 1, IF(G85="E", 0, 0))))))))))))) * 2) / (4 + 3 + 3 + 3 + 2), 2), 0) -> 3.57
A86: 2020/ICT/98 | B86: Ms. Basnayaka B.M.K.G. | C86: A+ | D86: A | E86: A- | F86: A- | G86: B+ | H86: =IFERROR( ROUND( ( (IF(C86="A+", 4, IF(C86="A", 4, IF(C86="A-", 3.7, IF(C86="B+", 3.3, IF(C86="B", 3, IF(C86="B-", 2.7, IF(C86="C+", 2.3, IF(C86="C", 2, IF(C86="C-", 1.7, IF(C86="D+", 1.3, IF(C86="D", 1, IF(C86="E", 0, 0))))))))))))) * 4 + (IF(D86="A+", 4, IF(D86="A", 4, IF(D86="A-", 3.7, IF(D86="B+", 3.3, IF(D86="B", 3, IF(D86="B-", 2.7, IF(D86="C+", 2.3, IF(D86="C", 2, IF(D86="C-", 1.7, IF(D86="D+", 1.3, IF(D86="D", 1, IF(D86="E", 0, 0))))))))))))) * 3 + (IF(E86="A+", 4, IF(E86="A", 4, IF(E86="A-", 3.7, IF(E86="B+", 3.3, IF(E86="B", 3, IF(E86="B-", 2.7, IF(E86="C+", 2.3, IF(E86="C", 2, IF(E86="C-", 1.7, IF(E86="D+", 1.3, IF(E86="D", 1, IF(E86="E", 0, 0))))))))))))) * 3 + (IF(F86="A+", 4, IF(F86="A", 4, IF(F86="A-", 3.7, IF(F86="B+", 3.3, IF(F86="B", 3, IF(F86="B-", 2.7, IF(F86="C+", 2.3, IF(F86="C", 2, IF(F86="C-", 1.7, IF(F86="D+", 1.3, IF(F86="D", 1, IF(F86="E", 0, 0))))))))))))) * 3 + (IF(G86="A+", 4, IF(G86="A", 4, IF(G86="A-", 3.7, IF(G86="B+", 3.3, IF(G86="B", 3, IF(G86="B-", 2.7, IF(G86="C+", 2.3, IF(G86="C", 2, IF(G86="C-", 1.7, IF(G86="D+", 1.3, IF(G86="D", 1, IF(G86="E", 0, 0))))))))))))) * 2) / (4 + 3 + 3 + 3 + 2), 2), 0) -> 3.79
A87: 2020/ICT/99 | B87: Mr. P. R. Hettiarachchi | C87: C | D87: C+ | E87: D | F87: B- | G87: C+ | H87: =IFERROR( ROUND( ( (IF(C87="A+", 4, IF(C87="A", 4, IF(C87="A-", 3.7, IF(C87="B+", 3.3, IF(C87="B", 3, IF(C87="B-", 2.7, IF(C87="C+", 2.3, IF(C87="C", 2, IF(C87="C-", 1.7, IF(C87="D+", 1.3, IF(C87="D", 1, IF(C87="E", 0, 0))))))))))))) * 4 + (IF(D87="A+", 4, IF(D87="A", 4, IF(D87="A-", 3.7, IF(D87="B+", 3.3, IF(D87="B", 3, IF(D87="B-", 2.7, IF(D87="C+", 2.3, IF(D87="C", 2, IF(D87="C-", 1.7, IF(D87="D+", 1.3, IF(D87="D", 1, IF(D87="E", 0, 0))))))))))))) * 3 + (IF(E87="A+", 4, IF(E87="A", 4, IF(E87="A-", 3.7, IF(E87="B+", 3.3, IF(E87="B", 3, IF(E87="B-", 2.7, IF(E87="C+", 2.3, IF(E87="C", 2, IF(E87="C-", 1.7, IF(E87="D+", 1.3, IF(E87="D", 1, IF(E87="E", 0, 0))))))))))))) * 3 + (IF(F87="A+", 4, IF(F87="A", 4, IF(F87="A-", 3.7, IF(F87="B+", 3.3, IF(F87="B", 3, IF(F87="B-", 2.7, IF(F87="C+", 2.3, IF(F87="C", 2, IF(F87="C-", 1.7, IF(F87="D+", 1.3, IF(F87="D", 1, IF(F87="E", 0, 0))))))))))))) * 3 + (IF(G87="A+", 4, IF(G87="A", 4, IF(G87="A-", 3.7, IF(G87="B+", 3.3, IF(G87="B", 3, IF(G87="B-", 2.7, IF(G87="C+", 2.3, IF(G87="C", 2, IF(G87="C-", 1.7, IF(G87="D+", 1.3, IF(G87="D", 1, IF(G87="E", 0, 0))))))))))))) * 2) / (4 + 3 + 3 + 3 + 2), 2), 0) -> 2.04
... A108: 2020/ICT/120 | B108: Ms.Thavarajah H | C108: A- | D108: A- | E108: B | F108: B | G108: B | H108: =IFERROR( ROUND( ( (IF(C108="A+", 4, IF(C108="A", 4, IF(C108="A-", 3.7, IF(C108="B+", 3.3, IF(C108="B", 3, IF(C108="B-", 2.7, IF(C108="C+", 2.3, IF(C108="C", 2, IF(C108="C-", 1.7, IF(C108="D+", 1.3, IF(C108="D", 1, IF(C108="E", 0, 0))))))))))))) * 4 + (IF(D108="A+", 4, IF(D108="A", 4, IF(D108="A-", 3.7, IF(D108="B+", 3.3, IF(D108="B", 3, IF(D108="B-", 2.7, IF(D108="C+", 2.3, IF(D108="C", 2, IF(D108="C-", 1.7, IF(D108="D+", 1.3, IF(D108="D", 1, IF(D108="E", 0, 0))))))))))))) * 3 + (IF(E108="A+", 4, IF(E108="A", 4, IF(E108="A-", 3.7, IF(E108="B+", 3.3, IF(E108="B", 3, IF(E108="B-", 2.7, IF(E108="C+", 2.3, IF(E108="C", 2, IF(E108="C-", 1.7, IF(E108="D+", 1.3, IF(E108="D", 1, IF(E108="E", 0, 0))))))))))))) * 3 + (IF(F108="A+", 4, IF(F108="A", 4, IF(F108="A-", 3.7, IF(F108="B+", 3.3, IF(F108="B", 3, IF(F108="B-", 2.7, IF(F108="C+", 2.3, IF(F108="C", 2, IF(F108="C-", 1.7, IF(F108="D+", 1.3, IF(F108="D", 1, IF(F108="E", 0, 0))))))))))))) * 3 + (IF(G108="A+", 4, IF(G108="A", 4, IF(G108="A-", 3.7, IF(G108="B+", 3.3, IF(G108="B", 3, IF(G108="B-", 2.7, IF(G108="C+", 2.3, IF(G108="C", 2, IF(G108="C-", 1.7, IF(G108="D+", 1.3, IF(G108="D", 1, IF(G108="E", 0, 0))))))))))))) * 2) / (4 + 3 + 3 + 3 + 2), 2), 0) -> 3.33

Sheet 2.2
A1: Reg.No | B1: Name | C1: IT2244 | D1: IT2234 | E1: IT2223 | F1: IT2212 | G1: IT2252 | H1: GPA
A2: 2020/ICT/01 | B2: Ms. Udisha W.H.I | C2: B | D2: C | E2: C | F2: A- | G2: B- | H2: =#VALUE! -> #VALUE!
A3: 2020/ICT/02 | B3: Mr. Imran B.M. | C3: absent | D3: absent | E3: absent | F3: absent | G3: absent | H3: =#VALUE! -> #VALUE!
A4: 2020/ICT/03 | B4: Ms. Shanmugarajah D. | C4: A- | D4: C+ | E4: C | F4: B- | G4: C+ | H4: =#VALUE! -> #VALUE!
A5: 2020/ICT/05 | B5: Mr. Muniweera K.G.U.K. | C5: B+ | D5: C+ | E5: C | F5: B | G5: B- | H5: =#VALUE! -> #VALUE!
A6: 2020/ICT/06 | B6: Ms. Lourdes Jellorine | C6: A+ | D6: B | E6: B | F6: A | G6: B+ | H6: =#VALUE! -> #VALUE!
A7: 2020/ICT/07 | B7: Mr. Nalawansa U.K | C7: A+ | D7: A- | E7: B- | F7: A | G7: A+ | H7: =#VALUE! -> #VALUE!
A8: 2020/ICT/08 | B8: Ms. Devakumar P. | C8: B | D8: C- | E8: C | F8: C | G8: C | H8: =#VALUE! -> #VALUE!
A9: 2020/ICT/09 | B9: Ms. Senevirathne S.A. | C9: C | D9: C- | E9: C- | F9: B+ | G9: B- | H9: =#VALUE! -> #VALUE!
A10: 2020/ICT/10 | B10: Ms. Jegatheeswaran V. | C10: B+ | D10: C | E10: C | F10: B+ | G10: A- | H10: =#VALUE! -> #VALUE!
A11: 2020/ICT/12 | B11: Ms. Shahla A.A.F.S. | C11: B+ | D11: C+ | E11: C | F11: B- | G11: B | H11: =#VALUE! -> #VALUE!
A12: 2020/ICT/13 | B12: Ms. Basheery M.K.T. | C12: B | D12: C | E12: C | F12: B | G12: B- | H12: =#VALUE! -> #VALUE!
A13: 2020/ICT/14 | B13: Ms. Minha M.S.F. | C13: B+ | D13: C+ | E13: C- | F13: C- | G13: B- | H13: =#VALUE! -> #VALUE!
... A68: 2020/ICT/77 | B68: Ms. Nifra A.H.F. | C68: B+ | D68: C | E68: C | F68: B | G68: A- | H68: =#VALUE! -> #VALUE!
A69: 2020/ICT/79 | B69: Mr. Midun S. | C69: C- | D69: C | E69: C | F69: B+ | G69: A+ | H69: =IFERROR( ROUND( ( (IF(C2="A+", 4, IF(C2="A", 4, IF(C2="A-", 3.7, IF(C2="B+", 3.3, IF(C2="B", 3, IF(C2="B-", 2.7, IF(C2="C+", 2.3, IF(C2="C", 2, IF(C2="C-", 1.7, IF(C2="D+", 1.3, IF(C2="D", 1, IF(C2="E", 0, 0))))))))))))) * 3 + (IF(D2="A+", 4, IF(D2="A", 4, IF(D2="A-", 3.7, IF(D2="B+", 3.3, IF(D2="B", 3, IF(D2="B-", 2.7, IF(D2="C+", 2.3, IF(D2="C", 2, IF(D2="C-", 1.7, IF(D2="D+", 1.3, IF(D2="D", 1, IF(D2="E", 0, 0))))))))))))) * 3 + (IF(E2="A+", 4, IF(E2="A", 4, IF(E2="A-", 3.7, IF(E2="B+", 3.3, IF(E2="B", 3, IF(E2="B-", 2.7, IF(E2="C+", 2.3, IF(E2="C", 2, IF(E2="C-", 1.7, IF(E2="D+", 1.3, IF(E2="D", 1, IF(E2="E", 0, 0))))))))))))) * 3 + (IF(F2="A+", 4, IF(F2="A", 4, IF(F2="A-", 3.7, IF(F2="B+", 3.3, IF(F2="B", 3, IF(F2="B-", 2.7, IF(F2="C+", 2.3, IF(F2="C", 2, IF(F2="C-", 1.7, IF(F2="D+", 1.3, IF(F2="D", 1, IF(F2="E", 0, 0))))))))))))) * 2 + (IF(G2="A+", 4, IF(G2="A", 4, IF(G2="A-", 3.7, IF(G2="B+", 3.3, IF(G2="B", 3, IF(G2="B-", 2.7, IF(G2="C+", 2.3, IF(G2="C", 2, IF(G2="C-", 1.7, IF(G2="D+", 1.3, IF(G2="D", 1, IF(G2="E", 0, 0))))))))))))) * 2 + (IF(H2="A+", 4, IF(H2="A", 4, IF(H2="A-", 3.7, IF(H2="B+", 3.3, IF(H2="B", 3, IF(H2="B-", 2.7, IF(H2="C+", 2.3, IF(H2="C", 2, IF(H2="C-", 1.7, IF(H2="D+", 1.3, IF(H2="D", 1, IF(H2="E", 0, 0))))))))))))) * 2 ) / (3 + 3 + 3 + 2 + 2 + 2), 2), 0) -> 0
A70: 2020/ICT/80 | B70: Ms. Insafa K.R. | C70: D | D70: C- | E70: D+ | F70: C+ | G70: C | H70: =#VALUE! -> #VALUE!
A71: 2020/ICT/81 | B71: Ms. Shakeeka S.F. | C71: C+ | D71: C- | E71: D | F71: C+ | G71: B | H71: =#VALUE! -> #VALUE!
A72: 2020/ICT/82 | B72: Ms. Ruzla M.j. | C72: A | D72: B | E72: C+ | F72: B | G72: A | H72: =#VALUE! -> #VALUE!
A73: 2020/ICT/83 | B73: Ms. Lakshna G. | C73: absent | D73: absent | E73: absent | F73: absent | G73: absent | H73: =#VALUE! -> #VALUE!
A74: 2020/ICT/85 | B74: Ms. Gunarathna P.M.D.P.R.P. | C74: B | D74: C- | E74: B- | F74: B | G74: C+ | H74: =#VALUE! -> #VALUE!
A75: 2020/ICT/86 | B75: Ms. Niwandana N.P.K.M. | C75: B | D75: D+ | E75: B- | F75: B- | G75: C+ | H75: =#VALUE! -> #VALUE!
A76: 2020/ICT/87 | B76: Ms. Jayasundara J.M.G.R. | C76: C+ | D76: C | E76: C | F76: B | G76: C | H76: =#VALUE! -> #VALUE!
A77: 2020/ICT/88 | B77: Ms. Perera KNR | C77: C+ | D77: C- | E77: D | F77: C+ | G77: C- | H77: =#VALUE! -> #VALUE!
A78: 2020/ICT/90 | B78: Ms. Madhushani K.M.I.I | C78: A- | D78: C | E78: C+ | F78: B+ | G78: C+ | H78: =#VALUE! -> #VALUE!
A79: 2020/ICT/91 | B79: Ms. Perera H.D.S. | C79: A+ | D79: C | E79: B- | F79: B | G79: B- | H79: =#VALUE! -> #VALUE!
A80: 2020/ICT/92 | B80: Mr. Kulathunga M.A.S.S. | C80: A | D80: B | E80: B- | F80: A- | G80: A | H80: =#VALUE! -> #VALUE!
A81: 2020/ICT/93 | B81: Mr. Jayathunga R.P. | C81: A | D81: C- | E81: C+ | F81: B- | G81: B | H81: =#VALUE! -> #VALUE!
... A108: 2020/ICT/120 | B108: Ms.Thavarajah H | C108: B+ | D108: C | E108: C+ | F108: B | G108: B- | H108: =#VALUE! -> #VALUE!

Sheet 3.1
A1: Reg.No | B1: Name | C1: IT3113 | D1: IT3133 | E1: IT3143 | F1: IT3122 | G1: IT3152 | H1: IT3162 | I1: GPA
A2: 2020/ICT/01 | B2: Ms. Udisha W.H.I | C2: B+ | D2: C+ | E2: A- | F2: C+ | G2: B+ | H2: A- | I2: =IFERROR( ROUND( ( (IF(C2="A+", 4, IF(C2="A", 4, IF(C2="A-", 3.7, IF(C2="B+", 3.3, IF(C2="B", 3, IF(C2="B-", 2.7, IF(C2="C+", 2.3, IF(C2="C", 2, IF(C2="C-", 1.7, IF(C2="D+", 1.3, IF(C2="D", 1, IF(C2="E", 0, 0))))))))))))) * 3 + (IF(D2="A+", 4, IF(D2="A", 4, IF(D2="A-", 3.7, IF(D2="B+", 3.3, IF(D2="B", 3, IF(D2="B-", 2.7, IF(D2="C+", 2.3, IF(D2="C", 2, IF(D2="C-", 1.7, IF(D2="D+", 1.3, IF(D2="D", 1, IF(D2="E", 0, 0))))))))))))) * 3 + (IF(E2="A+", 4, IF(E2="A", 4, IF(E2="A-", 3.7, IF(E2="B+", 3.3, IF(E2="B", 3, IF(E2="B-", 2.7, IF(E2="C+", 2.3, IF(E2="C", 2, IF(E2="C-", 1.7, IF(E2="D+", 1.3, IF(E2="D", 1, IF(E2="E", 0, 0))))))))))))) * 3 + (IF(F2="A+", 4, IF(F2="A", 4, IF(F2="A-", 3.7, IF(F2="B+", 3.3, IF(F2="B", 3, IF(F2="B-", 2.7, IF(F2="C+", 2.3, IF(F2="C", 2, IF(F2="C-", 1.7, IF(F2="D+", 1.3, IF(F2="D", 1, IF(F2="E", 0, 0))))))))))))) * 2 + (IF(G2="A+", 4, IF(G2="A", 4, IF(G2="A-", 3.7, IF(G2="B+", 3.3, IF(G2="B", 3, IF(G2="B-", 2.7, IF(G2="C+", 2.3, IF(G2="C", 2, IF(G2="C-", 1.7, IF(G2="D+", 1.3, IF(G2="D", 1, IF(G2="E", 0, 0))))))))))))) * 2 + (IF(H2="A+", 4, IF(H2="A", 4, IF(H2="A-", 3.7, IF(H2="B+", 3.3, IF(H2="B", 3, IF(H2="B-", 2.7, IF(H2="C+", 2.3, IF(H2="C", 2, IF(H2="C-", 1.7, IF(H2="D+", 1.3, IF(H2="D", 1, IF(H2="E", 0, 0))))))))))))) * 2 ) / (3 + 3 + 3 + 2 + 2 + 2), 2), 0) -> 3.1
A3: 2020/ICT/02 | B3: Mr. Imran B.M. | C3: C+ | D3: C- | E3: C | F3: C- | G3: B | H3: A- | I3: =IFERROR( ROUND( ( (IF(C3="A+", 4, IF(C3="A", 4, IF(C3="A-", 3.7, IF(C3="B+", 3.3, IF(C3="B", 3, IF(C3="B-", 2.7, IF(C3="C+", 2.3, IF(C3="C", 2, IF(C3="C-", 1.7, IF(C3="D+", 1.3, IF(C3="D", 1, IF(C3="E", 0, 0))))))))))))) * 3 + (IF(D3="A+", 4, IF(D3="A", 4, IF(D3="A-", 3.7, IF(D3="B+", 3.3, IF(D3="B", 3, IF(D3="B-", 2.7, IF(D3="C+", 2.3, IF(D3="C", 2, IF(D3="C-", 1.7, IF(D3="D+", 1.3, IF(D3="D", 1, IF(D3="E", 0, 0))))))))))))) * 3 + (IF(E3="A+", 4, IF(E3="A", 4, IF(E3="A-", 3.7, IF(E3="B+", 3.3, IF(E3="B", 3, IF(E3="B-", 2.7, IF(E3="C+", 2.3, IF(E3="C", 2, IF(E3="C-", 1.7, IF(E3="D+", 1.3, IF(E3="D", 1, IF(E3="E", 0, 0))))))))))))) * 3 + (IF(F3="A+", 4, IF(F3="A", 4, IF(F3="A-", 3.7, IF(F3="B+", 3.3, IF(F3="B", 3, IF(F3="B-", 2.7, IF(F3="C+", 2.3, IF(F3="C", 2, IF(F3="C-", 1.7, IF(F3="D+", 1.3, IF(F3="D", 1, IF(F3="E", 0, 0))))))))))))) * 2 + (IF(G3="A+", 4, IF(G3="A", 4, IF(G3="A-", 3.7, IF(G3="B+", 3.3, IF(G3="B", 3, IF(G3="B-", 2.7, IF(G3="C+", 2.3, IF(G3="C", 2, IF(G3="C-", 1.7, IF(G3="D+", 1.3, IF(G3="D", 1, IF(G3="E", 0, 0))))))))))))) * 2 + (IF(H3="A+", 4, IF(H3="A", 4, IF(H3="A-", 3.7, IF(H3="B+", 3.3, IF(H3="B", 3, IF(H3="B-", 2.7, IF(H3="C+", 2.3, IF(H3="C", 2, IF(H3="C-", 1.7, IF(H3="D+", 1.3, IF(H3="D", 1, IF(H3="E", 0, 0))))))))))))) * 2) / (3 + 3 + 3 + 2 + 2 + 2), 2), 0) -> 2.32
A4: 2020/ICT/03 | B4: Ms. Shanmugarajah D. | C4: A- | D4: C+ | E4: A | F4: B- | G4: A | H4: B+ | I4: =IFERROR( ROUND( ( (IF(C4="A+", 4, IF(C4="A", 4, IF(C4="A-", 3.7, IF(C4="B+", 3.3, IF(C4="B", 3, IF(C4="B-", 2.7, IF(C4="C+", 2.3, IF(C4="C", 2, IF(C4="C-", 1.7, IF(C4="D+", 1.3, IF(C4="D", 1, IF(C4="E", 0, 0))))))))))))) * 3 + (IF(D4="A+", 4, IF(D4="A", 4, IF(D4="A-", 3.7, IF(D4="B+", 3.3, IF(D4="B", 3, IF(D4="B-", 2.7, IF(D4="C+", 2.3, IF(D4="C", 2, IF(D4="C-", 1.7, IF(D4="D+", 1.3, IF(D4="D", 1, IF(D4="E", 0, 0))))))))))))) * 3 + (IF(E4="A+", 4, IF(E4="A", 4, IF(E4="A-", 3.7, IF(E4="B+", 3.3, IF(E4="B", 3, IF(E4="B-", 2.7, IF(E4="C+", 2.3, IF(E4="C", 2, IF(E4="C-", 1.7, IF(E4="D+", 1.3, IF(E4="D", 1, IF(E4="E", 0, 0))))))))))))) * 3 + (IF(F4="A+", 4, IF(F4="A", 4, IF(F4="A-", 3.7, IF(F4="B+", 3.3, IF(F4="B", 3, IF(F4="B-", 2.7, IF(F4="C+", 2.3, IF(F4="C", 2, IF(F4="C-", 1.7, IF(F4="D+", 1.3, IF(F4="D", 1, IF(F4="E", 0, 0))))))))))))) * 2 + (IF(G4="A+", 4, IF(G4="A", 4, IF(G4="A-", 3.7, IF(G4="B+", 3.3, IF(G4="B", 3, IF(G4="B-", 2.7, IF(G4="C+", 2.3, IF(G4="C", 2, IF(G4="C-", 1.7, IF(G4="D+", 1.3, IF(G4="D", 1, IF(G4="E", 0, 0))))))))))))) * 2 + (IF(H4="A+", 4, IF(H4="A", 4, IF(H4="A-", 3.7, IF(H4="B+", 3.3, IF(H4="B", 3, IF(H4="B-", 2.7, IF(H4="C+", 2.3, IF(H4="C", 2, IF(H4="C-", 1.7, IF(H4="D+", 1.3, IF(H4="D", 1, IF(H4="E", 0, 0))))))))))))) * 2) / (3 + 3 + 3 + 2 + 2 + 2), 2), 0) -> 3.33
A5: 2020/ICT/05 | B5: Mr. Muniweera K.G.U.K. | C5: B+ | D5: B- | E5: A+ | F5: B+ | G5: A | H5: A- | I5: =IFERROR( ROUND( ( (IF(C5="A+", 4, IF(C5="A", 4, IF(C5="A-", 3.7, IF(C5="B+", 3.3, IF(C5="B", 3, IF(C5="B-", 2.7, IF(C5="C+", 2.3, IF(C5="C", 2, IF(C5="C-", 1.7, IF(C5="D+", 1.3, IF(C5="D", 1, IF(C5="E", 0, 0))))))))))))) * 3 + (IF(D5="A+", 4, IF(D5="A", 4, IF(D5="A-", 3.7, IF(D5="B+", 3.3, IF(D5="B", 3, IF(D5="B-", 2.7, IF(D5="C+", 2.3, IF(D5="C", 2, IF(D5="C-", 1.7, IF(D5="D+", 1.3, IF(D5="D", 1, IF(D5="E", 0, 0))))))))))))) * 3 + (IF(E5="A+", 4, IF(E5="A", 4, IF(E5="A-", 3.7, IF(E5="B+", 3.3, IF(E5="B", 3, IF(E5="B-", 2.7, IF(E5="C+", 2.3, IF(E5="C", 2, IF(E5="C-", 1.7, IF(E5="D+", 1.3, IF(E5="D", 1, IF(E5="E", 0, 0))))))))))))) * 3 + (IF(F5="A+", 4, IF(F5="A", 4, IF(F5="A-", 3.7, IF(F5="B+", 3.3, IF(F5="B", 3, IF(F5="B-", 2.7, IF(F5="C+", 2.3, IF(F5="C", 2, IF(F5="C-", 1.7, IF(F5="D+", 1.3, IF(F5="D", 1, IF(F5="E", 0, 0))))))))))))) * 2 + (IF(G5="A+", 4, IF(G5="A", 4, IF(G5="A-", 3.7, IF(G5="B+", 3.3, IF(G5="B", 3, IF(G5="B-", 2.7, IF(G5="C+", 2.3, IF(G5="C", 2, IF(G5="C-", 1.7, IF(G5="D+", 1.3, IF(G5="D", 1, IF(G5="E", 0, 0))))))))))))) * 2 + (IF(H5="A+", 4, IF(H5="A", 4, IF(H5="A-", 3.7, IF(H5="B+", 3.3, IF(H5="B", 3, IF(H5="B-", 2.7, IF(H5="C+", 2.3, IF(H5="C", 2, IF(H5="C-", 1.7, IF(H5="D+", 1.3, IF(H5="D", 1, IF(H5="E", 0, 0))))))))))))) * 2) / (3 + 3 + 3 + 2 + 2 + 2), 2), 0) -> 3.47
A6: 2020/ICT/06 | B6: Ms. Lourdes Jellorine | C6: A | D6: B | E6: A+ | F6: A+ | G6: A | H6: A- | I6: =IFERROR( ROUND( ( (IF(C6="A+", 4, IF(C6="A", 4, IF(C6="A-", 3.7, IF(C6="B+", 3.3, IF(C6="B", 3, IF(C6="B-", 2.7, IF(C6="C+", 2.3, IF(C6="C", 2, IF(C6="C-", 1.7, IF(C6="D+", 1.3, IF(C6="D", 1, IF(C6="E", 0, 0))))))))))))) * 3 + (IF(D6="A+", 4, IF(D6="A", 4, IF(D6="A-", 3.7, IF(D6="B+", 3.3, IF(D6="B", 3, IF(D6="B-", 2.7, IF(D6="C+", 2.3, IF(D6="C", 2, IF(D6="C-", 1.7, IF(D6="D+", 1.3, IF(D6="D", 1, IF(D6="E", 0, 0))))))))))))) * 3 + (IF(E6="A+", 4, IF(E6="A", 4, IF(E6="A-", 3.7, IF(E6="B+", 3.3, IF(E6="B", 3, IF(E6="B-", 2.7, IF(E6="C+", 2.3, IF(E6="C", 2, IF(E6="C-", 1.7, IF(E6="D+", 1.3, IF(E6="D", 1, IF(E6="E", 0, 0))))))))))))) * 3 + (IF(F6="A+", 4, IF(F6="A", 4, IF(F6="A-", 3.7, IF(F6="B+", 3.3, IF(F6="B", 3, IF(F6="B-", 2.7, IF(F6="C+", 2.3, IF(F6="C", 2, IF(F6="C-", 1.7, IF(F6="D+", 1.3, IF(F6="D", 1, IF(F6="E", 0, 0))))))))))))) * 2 + (IF(G6="A+", 4, IF(G6="A", 4, IF(G6="A-", 3.7, IF(G6="B+", 3.3, IF(G6="B", 3, IF(G6="B-", 2.7, IF(G6="C+", 2.3, IF(G6="C", 2, IF(G6="C-", 1.7, IF(G6="D+", 1.3, IF(G6="D", 1, IF(G6="E", 0, 0))))))))))))) * 2 + (IF(H6="A+", 4, IF(H6="A", 4, IF(H6="A-", 3.7, IF(H6="B+", 3.3, IF(H6="B", 3, IF(H6="B-", 2.7, IF(H6="C+", 2.3, IF(H6="C", 2, IF(H6="C-", 1.7, IF(H6="D+", 1.3, IF(H6="D", 1, IF(H6="E", 0, 0))))))))))))) * 2) / (3 + 3 + 3 + 2 + 2 + 2), 2), 0) -> 3.76
A7: 2020/ICT/07 | B7: Mr. Nalawansa U.K | C7: A | D7: B+ | E7: A+ | F7: A+ | G7: A+ | H7: A+ | I7: =IFERROR( ROUND( ( (IF(C7="A+", 4, IF(C7="A", 4, IF(C7="A-", 3.7, IF(C7="B+", 3.3, IF(C7="B", 3, IF(C7="B-", 2.7, IF(C7="C+", 2.3, IF(C7="C", 2, IF(C7="C-", 1.7, IF(C7="D+", 1.3, IF(C7="D", 1, IF(C7="E", 0, 0))))))))))))) * 3 + (IF(D7="A+", 4, IF(D7="A", 4, IF(D7="A-", 3.7, IF(D7="B+", 3.3, IF(D7="B", 3, IF(D7="B-", 2.7, IF(D7="C+", 2.3, IF(D7="C", 2, IF(D7="C-", 1.7, IF(D7="D+", 1.3, IF(D7="D", 1, IF(D7="E", 0, 0))))))))))))) * 3 + (IF(E7="A+", 4, IF(E7="A", 4, IF(E7="A-", 3.7, IF(E7="B+", 3.3, IF(E7="B", 3, IF(E7="B-", 2.7, IF(E7="C+", 2.3, IF(E7="C", 2, IF(E7="C-", 1.7, IF(E7="D+", 1.3, IF(E7="D", 1, IF(E7="E", 0, 0))))))))))))) * 3 + (IF(F7="A+", 4, IF(F7="A", 4, IF(F7="A-", 3.7, IF(F7="B+", 3.3, IF(F7="B", 3, IF(F7="B-", 2.7, IF(F7="C+", 2.3, IF(F7="C", 2, IF(F7="C-", 1.7, IF(F7="D+", 1.3, IF(F7="D", 1, IF(F7="E", 0, 0))))))))))))) * 2 + (IF(G7="A+", 4, IF(G7="A", 4, IF(G7="A-", 3.7, IF(G7="B+", 3.3, IF(G7="B", 3, IF(G7="B-", 2.7, IF(G7="C+", 2.3, IF(G7="C", 2, IF(G7="C-", 1.7, IF(G7="D+", 1.3, IF(G7="D", 1, IF(G7="E", 0, 0))))))))))))) * 2 + (IF(H7="A+", 4, IF(H7="A", 4, IF(H7="A-", 3.7, IF(H7="B+", 3.3, IF(H7="B", 3, IF(H7="B-", 2.7, IF(H7="C+", 2.3, IF(H7="C", 2, IF(H7="C-", 1.7, IF(H7="D+", 1.3, IF(H7="D", 1, IF(H7="E", 0, 0))))))))))))) * 2) / (3 + 3 + 3 + 2 + 2 + 2), 2), 0) -> 3.86
A8: 2020/ICT/08 | B8: Ms. Devakumar P. | C8: C | D8: C+ | E8: B | F8: C | G8: A | H8: A- | I8: =IFERROR( ROUND( ( (IF(C8="A+", 4, IF(C8="A", 4, IF(C8="A-", 3.7, IF(C8="B+", 3.3, IF(C8="B", 3, IF(C8="B-", 2.7, IF(C8="C+", 2.3, IF(C8="C", 2, IF(C8="C-", 1.7, IF(C8="D+", 1.3, IF(C8="D", 1, IF(C8="E", 0, 0))))))))))))) * 3 + (IF(D8="A+", 4, IF(D8="A", 4, IF(D8="A-", 3.7, IF(D8="B+", 3.3, IF(D8="B", 3, IF(D8="B-", 2.7, IF(D8="C+", 2.3, IF(D8="C", 2, IF(D8="C-", 1.7, IF(D8="D+", 1.3, IF(D8="D", 1, IF(D8="E", 0, 0))))))))))))) * 3 + (IF(E8="A+", 4, IF(E8="A", 4, IF(E8="A-", 3.7, IF(E8="B+", 3.3, IF(E8="B", 3, IF(E8="B-", 2.7, IF(E8="C+", 2.3, IF(E8="C", 2, IF(E8="C-", 1.7, IF(E8="D+", 1.3, IF(E8="D", 1, IF(E8="E", 0, 0))))))))))))) * 3 + (IF(F8="A+", 4, IF(F8="A", 4, IF(F8="A-", 3.7, IF(F8="B+", 3.3, IF(F8="B", 3, IF(F8="B-", 2.7, IF(F8="C+", 2.3, IF(F8="C", 2, IF(F8="C-", 1.7, IF(F8="D+", 1.3, IF(F8="D", 1, IF(F8="E", 0, 0))))))))))))) * 2 + (IF(G8="A+", 4, IF(G8="A", 4, IF(G8="A-", 3.7, IF(G8="B+", 3.3, IF(G8="B", 3, IF(G8="B-", 2.7, IF(G8="C+", 2.3, IF(G8="C", 2, IF(G8="C-", 1.7, IF(G8="D+", 1.3, IF(G8="D", 1, IF(G8="E", 0, 0))))))))))))) * 2 + (IF(H8="A+", 4, IF(H8="A", 4, IF(H8="A-", 3.7, IF(H8="B+", 3.3, IF(H8="B", 3, IF(H8="B-", 2.7, IF(H8="C+", 2.3, IF(H8="C", 2, IF(H8="C-", 1.7, IF(H8="D+", 1.3, IF(H8="D", 1, IF(H8="E", 0, 0))))))))))))) * 2) / (3 + 3 + 3 + 2 + 2 + 2), 2), 0) -> 2.75
A9: 2020/ICT/09 | B9: Ms. Senevirathne S.A. | C9: C | D9: C- | E9: B | F9: C | G9: B | H9: B+ | I9: =IFERROR( ROUND( ( (IF(C9="A+", 4, IF(C9="A", 4, IF(C9="A-", 3.7, IF(C9="B+", 3.3, IF(C9="B", 3, IF(C9="B-", 2.7, IF(C9="C+", 2.3, IF(C9="C", 2, IF(C9="C-", 1.7, IF(C9="D+", 1.3, IF(C9="D", 1, IF(C9="E", 0, 0))))))))))))) * 3 + (IF(D9="A+", 4, IF(D9="A", 4, IF(D9="A-", 3.7, IF(D9="B+", 3.3, IF(D9="B", 3, IF(D9="B-", 2.7, IF(D9="C+", 2.3, IF(D9="C", 2, IF(D9="C-", 1.7, IF(D9="D+", 1.3, IF(D9="D", 1, IF(D9="E", 0, 0))))))))))))) * 3 + (IF(E9="A+", 4, IF(E9="A", 4, IF(E9="A-", 3.7, IF(E9="B+", 3.3, IF(E9="B", 3, IF(E9="B-", 2.7, IF(E9="C+", 2.3, IF(E9="C", 2, IF(E9="C-", 1.7, IF(E9="D+", 1.3, IF(E9="D", 1, IF(E9="E", 0, 0))))))))))))) * 3 + (IF(F9="A+", 4, IF(F9="A", 4, IF(F9="A-", 3.7, IF(F9="B+", 3.3, IF(F9="B", 3, IF(F9="B-", 2.7, IF(F9="C+", 2.3, IF(F9="C", 2, IF(F9="C-", 1.7, IF(F9="D+", 1.3, IF(F9="D", 1, IF(F9="E", 0, 0))))))))))))) * 2 + (IF(G9="A+", 4, IF(G9="A", 4, IF(G9="A-", 3.7, IF(G9="B+", 3.3, IF(G9="B", 3, IF(G9="B-", 2.7, IF(G9="C+", 2.3, IF(G9="C", 2, IF(G9="C-", 1.7, IF(G9="D+", 1.3, IF(G9="D", 1, IF(G9="E", 0, 0))))))))))))) * 2 + (IF(H9="A+", 4, IF(H9="A", 4, IF(H9="A-", 3.7, IF(H9="B+", 3.3, IF(H9="B", 3, IF(H9="B-", 2.7, IF(H9="C+", 2.3, IF(H9="C", 2, IF(H9="C-", 1.7, IF(H9="D+", 1.3, IF(H9="D", 1, IF(H9="E", 0, 0))))))))))))) * 2) / (3 + 3 + 3 + 2 + 2 + 2), 2), 0) -> 2.45
A10: 2020/ICT/10 | B10: Ms. Jegatheeswaran V. | C10: B- | D10: B- | E10: A- | F10: B- | G10: A+ | H10: A- | I10: =IFERROR( ROUND( ( (IF(C10="A+", 4, IF(C10="A", 4, IF(C10="A-", 3.7, IF(C10="B+", 3.3, IF(C10="B", 3, IF(C10="B-", 2.7, IF(C10="C+", 2.3, IF(C10="C", 2, IF(C10="C-", 1.7, IF(C10="D+", 1.3, IF(C10="D", 1, IF(C10="E", 0, 0))))))))))))) * 3 + (IF(D10="A+", 4, IF(D10="A", 4, IF(D10="A-", 3.7, IF(D10="B+", 3.3, IF(D10="B", 3, IF(D10="B-", 2.7, IF(D10="C+", 2.3, IF(D10="C", 2, IF(D10="C-", 1.7, IF(D10="D+", 1.3, IF(D10="D", 1, IF(D10="E", 0, 0))))))))))))) * 3 + (IF(E10="A+", 4, IF(E10="A", 4, IF(E10="A-", 3.7, IF(E10="B+", 3.3, IF(E10="B", 3, IF(E10="B-", 2.7, IF(E10="C+", 2.3, IF(E10="C", 2, IF(E10="C-", 1.7, IF(E10="D+", 1.3, IF(E10="D", 1, IF(E10="E", 0, 0))))))))))))) * 3 + (IF(F10="A+", 4, IF(F10="A", 4, IF(F10="A-", 3.7, IF(F10="B+", 3.3, IF(F10="B", 3, IF(F10="B-", 2.7, IF(F10="C+", 2.3, IF(F10="C", 2, IF(F10="C-", 1.7, IF(F10="D+", 1.3, IF(F10="D", 1, IF(F10="E", 0, 0))))))))))))) * 2 + (IF(G10="A+", 4, IF(G10="A", 4, IF(G10="A-", 3.7, IF(G10="B+", 3.3, IF(G10="B", 3, IF(G10="B-", 2.7, IF(G10="C+", 2.3, IF(G10="C", 2, IF(G10="C-", 1.7, IF(G10="D+", 1.3, IF(G10="D", 1, IF(G10="E", 0, 0))))))))))))) * 2 + (IF(H10="A+", 4, IF(H10="A", 4, IF(H10="A-", 3.7, IF(H10="B+", 3.3, IF(H10="B", 3, IF(H10="B-", 2.7, IF(H10="C+", 2.3, IF(H10="C", 2, IF(H10="C-", 1.7, IF(H10="D+", 1.3, IF(H10="D", 1, IF(H10="E", 0, 0))))))))))))) * 2) / (3 + 3 + 3 + 2 + 2 + 2), 2), 0) -> 3.21
A11: 2020/ICT/12 | B11: Ms. Shahla A.A.F.S. | C11: A- | D11: B | E11: A | F11: A- | G11: A+ | H11: B+ | I11: =IFERROR( ROUND( ( (IF(C11="A+", 4, IF(C11="A", 4, IF(C11="A-", 3.7, IF(C11="B+", 3.3, IF(C11="B", 3, IF(C11="B-", 2.7, IF(C11="C+", 2.3, IF(C11="C", 2, IF(C11="C-", 1.7, IF(C11="D+", 1.3, IF(C11="D", 1, IF(C11="E", 0, 0))))))))))))) * 3 + (IF(D11="A+", 4, IF(D11="A", 4, IF(D11="A-", 3.7, IF(D11="B+", 3.3, IF(D11="B", 3, IF(D11="B-", 2.7, IF(D11="C+", 2.3, IF(D11="C", 2, IF(D11="C-", 1.7, IF(D11="D+", 1.3, IF(D11="D", 1, IF(D11="E", 0, 0))))))))))))) * 3 + (IF(E11="A+", 4, IF(E11="A", 4, IF(E11="A-", 3.7, IF(E11="B+", 3.3, IF(E11="B", 3, IF(E11="B-", 2.7, IF(E11="C+", 2.3, IF(E11="C", 2, IF(E11="C-", 1.7, IF(E11="D+", 1.3, IF(E11="D", 1, IF(E11="E", 0, 0))))))))))))) * 3 + (IF(F11="A+", 4, IF(F11="A", 4, IF(F11="A-", 3.7, IF(F11="B+", 3.3, IF(F11="B", 3, IF(F11="B-", 2.7, IF(F11="C+", 2.3, IF(F11="C", 2, IF(F11="C-", 1.7, IF(F11="D+", 1.3, IF(F11="D", 1, IF(F11="E", 0, 0))))))))))))) * 2 + (IF(G11="A+", 4, IF(G11="A", 4, IF(G11="A-", 3.7, IF(G11="B+", 3.3, IF(G11="B", 3, IF(G11="B-", 2.7, IF(G11="C+", 2.3, IF(G11="C", 2, IF(G11="C-", 1.7, IF(G11="D+", 1.3, IF(G11="D", 1, IF(G11="E", 0, 0))))))))))))) * 2 + (IF(H11="A+", 4, IF(H11="A", 4, IF(H11="A-", 3.7, IF(H11="B+", 3.3, IF(H11="B", 3, IF(H11="B-", 2.7, IF(H11="C+", 2.3, IF(H11="C", 2, IF(H11="C-", 1.7, IF(H11="D+", 1.3, IF(H11="D", 1, IF(H11="E", 0, 0))))))))))))) * 2) / (3 + 3 + 3 + 2 + 2 + 2), 2), 0) -> 3.61
A12: 2020/ICT/13 | B12: Ms. Basheery M.K.T. | C12: B+ | D12: C+ | E12: A+ | F12: B- | G12: A+ | H12: A- | I12: =IFERROR( ROUND( ( (IF(C12="A+", 4, IF(C12="A", 4, IF(C12="A-", 3.7, IF(C12="B+", 3.3, IF(C12="B", 3, IF(C12="B-", 2.7, IF(C12="C+", 2.3, IF(C12="C", 2, IF(C12="C-", 1.7, IF(C12="D+", 1.3, IF(C12="D", 1, IF(C12="E", 0, 0))))))))))))) * 3 + (IF(D12="A+", 4, IF(D12="A", 4, IF(D12="A-", 3.7, IF(D12="B+", 3.3, IF(D12="B", 3, IF(D12="B-", 2.7, IF(D12="C+", 2.3, IF(D12="C", 2, IF(D12="C-", 1.7, IF(D12="D+", 1.3, IF(D12="D", 1, IF(D12="E", 0, 0))))))))))))) * 3 + (IF(E12="A+", 4, IF(E12="A", 4, IF(E12="A-", 3.7, IF(E12="B+", 3.3, IF(E12="B", 3, IF(E12="B-", 2.7, IF(E12="C+", 2.3, IF(E12="C", 2, IF(E12="C-", 1.7, IF(E12="D+", 1.3, IF(E12="D", 1, IF(E12="E", 0, 0))))))))))))) * 3 + (IF(F12="A+", 4, IF(F12="A", 4, IF(F12="A-", 3.7, IF(F12="B+", 3.3, IF(F12="B", 3, IF(F12="B-", 2.7, IF(F12="C+", 2.3, IF(F12="C", 2, IF(F12="C-", 1.7, IF(F12="D+", 1.3, IF(F12="D", 1, IF(F12="E", 0, 0))))))))))))) * 2 + (IF(G12="A+", 4, IF(G12="A", 4, IF(G12="A-", 3.7, IF(G12="B+", 3.3, IF(G12="B", 3, IF(G12="B-", 2.7, IF(G12="C+", 2.3, IF(G12="C", 2, IF(G12="C-", 1.7, IF(G12="D+", 1.3, IF(G12="D", 1, IF(G12="E", 0, 0))))))))))))) * 2 + (IF(H12="A+", 4, IF(H12="A", 4, IF(H12="A-", 3.7, IF(H12="B+", 3.3, IF(H12="B", 3, IF(H12="B-", 2.7, IF(H12="C+", 2.3, IF(H12="C", 2, IF(H12="C-", 1.7, IF(H12="D+", 1.3, IF(H12="D", 1, IF(H12="E", 0, 0))))))))))))) * 2) / (3 + 3 + 3 + 2 + 2 + 2), 2), 0) -> 3.31
A13: 2020/ICT/14 | B13: Ms. Minha M.S.F. | C13: B+ | D13: C+ | E13: A- | F13: B | G13: A | H13: A | I13: =IFERROR( ROUND( ( (IF(C13="A+", 4, IF(C13="A", 4, IF(C13="A-", 3.7, IF(C13="B+", 3.3, IF(C13="B", 3, IF(C13="B-", 2.7, IF(C13="C+", 2.3, IF(C13="C", 2, IF(C13="C-", 1.7, IF(C13="D+", 1.3, IF(C13="D", 1, IF(C13="E", 0, 0))))))))))))) * 3 + (IF(D13="A+", 4, IF(D13="A", 4, IF(D13="A-", 3.7, IF(D13="B+", 3.3, IF(D13="B", 3, IF(D13="B-", 2.7, IF(D13="C+", 2.3, IF(D13="C", 2, IF(D13="C-", 1.7, IF(D13="D+", 1.3, IF(D13="D", 1, IF(D13="E", 0, 0))))))))))))) * 3 + (IF(E13="A+", 4, IF(E13="A", 4, IF(E13="A-", 3.7, IF(E13="B+", 3.3, IF(E13="B", 3, IF(E13="B-", 2.7, IF(E13="C+", 2.3, IF(E13="C", 2, IF(E13="C-", 1.7, IF(E13="D+", 1.3, IF(E13="D", 1, IF(E13="E", 0, 0))))))))))))) * 3 + (IF(F13="A+", 4, IF(F13="A", 4, IF(F13="A-", 3.7, IF(F13="B+", 3.3, IF(F13="B", 3, IF(F13="B-", 2.7, IF(F13="C+", 2.3, IF(F13="C", 2, IF(F13="C-", 1.7, IF(F13="D+", 1.3, IF(F13="D", 1, IF(F13="E", 0, 0))))))))))))) * 2 + (IF(G13="A+", 4, IF(G13="A", 4, IF(G13="A-", 3.7, IF(G13="B+", 3.3, IF(G13="B", 3, IF(G13="B-", 2.7, IF(G13="C+", 2.3, IF(G13="C", 2, IF(G13="C-", 1.7, IF(G13="D+", 1.3, IF(G13="D", 1, IF(G13="E", 0, 0))))))))))))) * 2 + (IF(H13="A+", 4, IF(H13="A", 4, IF(H13="A-", 3.7, IF(H13="B+", 3.3, IF(H13="B", 3, IF(H13="B-", 2.7, IF(H13="C+", 2.3, IF(H13="C", 2, IF(H13="C-", 1.7, IF(H13="D+", 1.3, IF(H13="D", 1, IF(H13="E", 0, 0))))))))))))) * 2) / (3 + 3 + 3 + 2 + 2 + 2), 2), 0) -> 3.33
A14: 2020/ICT/15 | B14: Mr. Krishan S. | C14: A- | D14: B- | E14: B | F14: B | G14: B- | H14: B+ | I14: =IFERROR( ROUND( ( (IF(C14="A+", 4, IF(C14="A", 4, IF(C14="A-", 3.7, IF(C14="B+", 3.3, IF(C14="B", 3, IF(C14="B-", 2.7, IF(C14="C+", 2.3, IF(C14="C", 2, IF(C14="C-", 1.7, IF(C14="D+", 1.3, IF(C14="D", 1, IF(C14="E", 0, 0))))))))))))) * 3 + (IF(D14="A+", 4, IF(D14="A", 4, IF(D14="A-", 3.7, IF(D14="B+", 3.3, IF(D14="B", 3, IF(D14="B-", 2.7, IF(D14="C+", 2.3, IF(D14="C", 2, IF(D14="C-", 1.7, IF(D14="D+", 1.3, IF(D14="D", 1, IF(D14="E", 0, 0))))))))))))) * 3 + (IF(E14="A+", 4, IF(E14="A", 4, IF(E14="A-", 3.7, IF(E14="B+", 3.3, IF(E14="B", 3, IF(E14="B-", 2.7, IF(E14="C+", 2.3, IF(E14="C", 2, IF(E14="C-", 1.7, IF(E14="D+", 1.3, IF(E14="D", 1, IF(E14="E", 0, 0))))))))))))) * 3 + (IF(F14="A+", 4, IF(F14="A", 4, IF(F14="A-", 3.7, IF(F14="B+", 3.3, IF(F14="B", 3, IF(F14="B-", 2.7, IF(F14="C+", 2.3, IF(F14="C", 2, IF(F14="C-", 1.7, IF(F14="D+", 1.3, IF(F14="D", 1, IF(F14="E", 0, 0))))))))))))) * 2 + (IF(G14="A+", 4, IF(G14="A", 4, IF(G14="A-", 3.7, IF(G14="B+", 3.3, IF(G14="B", 3, IF(G14="B-", 2.7, IF(G14="C+", 2.3, IF(G14="C", 2, IF(G14="C-", 1.7, IF(G14="D+", 1.3, IF(G14="D", 1, IF(G14="E", 0, 0))))))))))))) * 2 + (IF(H14="A+", 4, IF(H14="A", 4, IF(H14="A-", 3.7, IF(H14="B+", 3.3, IF(H14="B", 3, IF(H14="B-", 2.7, IF(H14="C+", 2.3, IF(H14="C", 2, IF(H14="C-", 1.7, IF(H14="D+", 1.3, IF(H14="D", 1, IF(H14="E", 0, 0))))))))))))) * 2) / (3 + 3 + 3 + 2 + 2 + 2), 2), 0) -> 3.08
... A108: 2020/ICT/120 | B108: Ms.Thavarajah H | C108: B- | D108: B- | E108: B+ | F108: C+ | G108: A- | H108: A | I108: =IFERROR( ROUND( ( (IF(C108="A+", 4, IF(C108="A", 4, IF(C108="A-", 3.7, IF(C108="B+", 3.3, IF(C108="B", 3, IF(C108="B-", 2.7, IF(C108="C+", 2.3, IF(C108="C", 2, IF(C108="C-", 1.7, IF(C108="D+", 1.3, IF(C108="D", 1, IF(C108="E", 0, 0))))))))))))) * 3 + (IF(D108="A+", 4, IF(D108="A", 4, IF(D108="A-", 3.7, IF(D108="B+", 3.3, IF(D108="B", 3, IF(D108="B-", 2.7, IF(D108="C+", 2.3, IF(D108="C", 2, IF(D108="C-", 1.7, IF(D108="D+", 1.3, IF(D108="D", 1, IF(D108="E", 0, 0))))))))))))) * 3 + (IF(E108="A+", 4, IF(E108="A", 4, IF(E108="A-", 3.7, IF(E108="B+", 3.3, IF(E108="B", 3, IF(E108="B-", 2.7, IF(E108="C+", 2.3, IF(E108="C", 2, IF(E108="C-", 1.7, IF(E108="D+", 1.3, IF(E108="D", 1, IF(E108="E", 0, 0))))))))))))) * 3 + (IF(F108="A+", 4, IF(F108="A", 4, IF(F108="A-", 3.7, IF(F108="B+", 3.3, IF(F108="B", 3, IF(F108="B-", 2.7, IF(F108="C+", 2.3, IF(F108="C", 2, IF(F108="C-", 1.7, IF(F108="D+", 1.3, IF(F108="D", 1, IF(F108="E", 0, 0))))))))))))) * 2 + (IF(G108="A+", 4, IF(G108="A", 4, IF(G108="A-", 3.7, IF(G108="B+", 3.3, IF(G108="B", 3, IF(G108="B-", 2.7, IF(G108="C+", 2.3, IF(G108="C", 2, IF(G108="C-", 1.7, IF(G108="D+", 1.3, IF(G108="D", 1, IF(G108="E", 0, 0))))))))))))) * 2 + (IF(H108="A+", 4, IF(H108="A", 4, IF(H108="A-", 3.7, IF(H108="B+", 3.3, IF(H108="B", 3, IF(H108="B-", 2.7, IF(H108="C+", 2.3, IF(H108="C", 2, IF(H108="C-", 1.7, IF(H108="D+", 1.3, IF(H108="D", 1, IF(H108="E", 0, 0))))))))))))) * 2) / (3 + 3 + 3 + 2 + 2 + 2), 2), 0) -> 3.07

Sheet 3.2
A1: Reg.No | B1: Name | C1: IT3213 | D1: IT3223 | E1: IT3243 | F1: IT3232 | G1: IT3252 | H1: IT3262 | I1: GPA
A2: 2020/ICT/01 | B2: Ms. Udisha W.H.I | C2: A+ | D2: C+ | E2: B- | F2: B- | G2: A- | H2: A- | I2: =IFERROR( ROUND( ( (IF(C2="A+", 4, IF(C2="A", 4, IF(C2="A-", 3.7, IF(C2="B+", 3.3, IF(C2="B", 3, IF(C2="B-", 2.7, IF(C2="C+", 2.3, IF(C2="C", 2, IF(C2="C-", 1.7, IF(C2="D+", 1.3, IF(C2="D", 1, IF(C2="E", 0, 0))))))))))))) * 3 + (IF(D2="A+", 4, IF(D2="A", 4, IF(D2="A-", 3.7, IF(D2="B+", 3.3, IF(D2="B", 3, IF(D2="B-", 2.7, IF(D2="C+", 2.3, IF(D2="C", 2, IF(D2="C-", 1.7, IF(D2="D+", 1.3, IF(D2="D", 1, IF(D2="E", 0, 0))))))))))))) * 3 + (IF(E2="A+", 4, IF(E2="A", 4, IF(E2="A-", 3.7, IF(E2="B+", 3.3, IF(E2="B", 3, IF(E2="B-", 2.7, IF(E2="C+", 2.3, IF(E2="C", 2, IF(E2="C-", 1.7, IF(E2="D+", 1.3, IF(E2="D", 1, IF(E2="E", 0, 0))))))))))))) * 3 + (IF(F2="A+", 4, IF(F2="A", 4, IF(F2="A-", 3.7, IF(F2="B+", 3.3, IF(F2="B", 3, IF(F2="B-", 2.7, IF(F2="C+", 2.3, IF(F2="C", 2, IF(F2="C-", 1.7, IF(F2="D+", 1.3, IF(F2="D", 1, IF(F2="E", 0, 0))))))))))))) * 2 + (IF(G2="A+", 4, IF(G2="A", 4, IF(G2="A-", 3.7, IF(G2="B+", 3.3, IF(G2="B", 3, IF(G2="B-", 2.7, IF(G2="C+", 2.3, IF(G2="C", 2, IF(G2="C-", 1.7, IF(G2="D+", 1.3, IF(G2="D", 1, IF(G2="E", 0, 0))))))))))))) * 2 + (IF(H2="A+", 4, IF(H2="A", 4, IF(H2="A-", 3.7, IF(H2="B+", 3.3, IF(H2="B", 3, IF(H2="B-", 2.7, IF(H2="C+", 2.3, IF(H2="C", 2, IF(H2="C-", 1.7, IF(H2="D+", 1.3, IF(H2="D", 1, IF(H2="E", 0, 0))))))))))))) * 2 ) / (3 + 3 + 3 + 2 + 2 + 2), 2), 0) -> 3.15
A3: 2020/ICT/02 | B3: Mr. Imran B.M. | C3: B | D3: E | E3: C- | F3: C+ | G3: C | H3: D | I3: =IFERROR( ROUND( ( (IF(C3="A+", 4, IF(C3="A", 4, IF(C3="A-", 3.7, IF(C3="B+", 3.3, IF(C3="B", 3, IF(C3="B-", 2.7, IF(C3="C+", 2.3, IF(C3="C", 2, IF(C3="C-", 1.7, IF(C3="D+", 1.3, IF(C3="D", 1, IF(C3="E", 0, 0))))))))))))) * 3 + (IF(D3="A+", 4, IF(D3="A", 4, IF(D3="A-", 3.7, IF(D3="B+", 3.3, IF(D3="B", 3, IF(D3="B-", 2.7, IF(D3="C+", 2.3, IF(D3="C", 2, IF(D3="C-", 1.7, IF(D3="D+", 1.3, IF(D3="D", 1, IF(D3="E", 0, 0))))))))))))) * 3 + (IF(E3="A+", 4, IF(E3="A", 4, IF(E3="A-", 3.7, IF(E3="B+", 3.3, IF(E3="B", 3, IF(E3="B-", 2.7, IF(E3="C+", 2.3, IF(E3="C", 2, IF(E3="C-", 1.7, IF(E3="D+", 1.3, IF(E3="D", 1, IF(E3="E", 0, 0))))))))))))) * 3 + (IF(F3="A+", 4, IF(F3="A", 4, IF(F3="A-", 3.7, IF(F3="B+", 3.3, IF(F3="B", 3, IF(F3="B-", 2.7, IF(F3="C+", 2.3, IF(F3="C", 2, IF(F3="C-", 1.7, IF(F3="D+", 1.3, IF(F3="D", 1, IF(F3="E", 0, 0))))))))))))) * 2 + (IF(G3="A+", 4, IF(G3="A", 4, IF(G3="A-", 3.7, IF(G3="B+", 3.3, IF(G3="B", 3, IF(G3="B-", 2.7, IF(G3="C+", 2.3, IF(G3="C", 2, IF(G3="C-", 1.7, IF(G3="D+", 1.3, IF(G3="D", 1, IF(G3="E", 0, 0))))))))))))) * 2 + (IF(H3="A+", 4, IF(H3="A", 4, IF(H3="A-", 3.7, IF(H3="B+", 3.3, IF(H3="B", 3, IF(H3="B-", 2.7, IF(H3="C+", 2.3, IF(H3="C", 2, IF(H3="C-", 1.7, IF(H3="D+", 1.3, IF(H3="D", 1, IF(H3="E", 0, 0))))))))))))) * 2) / (3 + 3 + 3 + 2 + 2 + 2), 2), 0) -> 1.65
A4: 2020/ICT/03 | B4: Ms. Shanmugarajah D. | C4: A | D4: B- | E4: B | F4: B- | G4: B | H4: A+ | I4: =IFERROR( ROUND( ( (IF(C4="A+", 4, IF(C4="A", 4, IF(C4="A-", 3.7, IF(C4="B+", 3.3, IF(C4="B", 3, IF(C4="B-", 2.7, IF(C4="C+", 2.3, IF(C4="C", 2, IF(C4="C-", 1.7, IF(C4="D+", 1.3, IF(C4="D", 1, IF(C4="E", 0, 0))))))))))))) * 3 + (IF(D4="A+", 4, IF(D4="A", 4, IF(D4="A-", 3.7, IF(D4="B+", 3.3, IF(D4="B", 3, IF(D4="B-", 2.7, IF(D4="C+", 2.3, IF(D4="C", 2, IF(D4="C-", 1.7, IF(D4="D+", 1.3, IF(D4="D", 1, IF(D4="E", 0, 0))))))))))))) * 3 + (IF(E4="A+", 4, IF(E4="A", 4, IF(E4="A-", 3.7, IF(E4="B+", 3.3, IF(E4="B", 3, IF(E4="B-", 2.7, IF(E4="C+", 2.3, IF(E4="C", 2, IF(E4="C-", 1.7, IF(E4="D+", 1.3, IF(E4="D", 1, IF(E4="E", 0, 0))))))))))))) * 3 + (IF(F4="A+", 4, IF(F4="A", 4, IF(F4="A-", 3.7, IF(F4="B+", 3.3, IF(F4="B", 3, IF(F4="B-", 2.7, IF(F4="C+", 2.3, IF(F4="C", 2, IF(F4="C-", 1.7, IF(F4="D+", 1.3, IF(F4="D", 1, IF(F4="E", 0, 0))))))))))))) * 2 + (IF(G4="A+", 4, IF(G4="A", 4, IF(G4="A-", 3.7, IF(G4="B+", 3.3, IF(G4="B", 3, IF(G4="B-", 2.7, IF(G4="C+", 2.3, IF(G4="C", 2, IF(G4="C-", 1.7, IF(G4="D+", 1.3, IF(G4="D", 1, IF(G4="E", 0, 0))))))))))))) * 2 + (IF(H4="A+", 4, IF(H4="A", 4, IF(H4="A-", 3.7, IF(H4="B+", 3.3, IF(H4="B", 3, IF(H4="B-", 2.7, IF(H4="C+", 2.3, IF(H4="C", 2, IF(H4="C-", 1.7, IF(H4="D+", 1.3, IF(H4="D", 1, IF(H4="E", 0, 0))))))))))))) * 2) / (3 + 3 + 3 + 2 + 2 + 2), 2), 0) -> 3.23
A5: 2020/ICT/05 | B5: Mr. Muniweera K.G.U.K. | C5: A+ | D5: B+ | E5: A- | F5: A- | G5: A | H5: A | I5: =IFERROR( ROUND( ( (IF(C5="A+", 4, IF(C5="A", 4, IF(C5="A-", 3.7, IF(C5="B+", 3.3, IF(C5="B", 3, IF(C5="B-", 2.7, IF(C5="C+", 2.3, IF(C5="C", 2, IF(C5="C-", 1.7, IF(C5="D+", 1.3, IF(C5="D", 1, IF(C5="E", 0, 0))))))))))))) * 3 + (IF(D5="A+", 4, IF(D5="A", 4, IF(D5="A-", 3.7, IF(D5="B+", 3.3, IF(D5="B", 3, IF(D5="B-", 2.7, IF(D5="C+", 2.3, IF(D5="C", 2, IF(D5="C-", 1.7, IF(D5="D+", 1.3, IF(D5="D", 1, IF(D5="E", 0, 0))))))))))))) * 3 + (IF(E5="A+", 4, IF(E5="A", 4, IF(E5="A-", 3.7, IF(E5="B+", 3.3, IF(E5="B", 3, IF(E5="B-", 2.7, IF(E5="C+", 2.3, IF(E5="C", 2, IF(E5="C-", 1.7, IF(E5="D+", 1.3, IF(E5="D", 1, IF(E5="E", 0, 0))))))))))))) * 3 + (IF(F5="A+", 4, IF(F5="A", 4, IF(F5="A-", 3.7, IF(F5="B+", 3.3, IF(F5="B", 3, IF(F5="B-", 2.7, IF(F5="C+", 2.3, IF(F5="C", 2, IF(F5="C-", 1.7, IF(F5="D+", 1.3, IF(F5="D", 1, IF(F5="E", 0, 0))))))))))))) * 2 + (IF(G5="A+", 4, IF(G5="A", 4, IF(G5="A-", 3.7, IF(G5="B+", 3.3, IF(G5="B", 3, IF(G5="B-", 2.7, IF(G5="C+", 2.3, IF(G5="C", 2, IF(G5="C-", 1.7, IF(G5="D+", 1.3, IF(G5="D", 1, IF(G5="E", 0, 0))))))))))))) * 2 + (IF(H5="A+", 4, IF(H5="A", 4, IF(H5="A-", 3.7, IF(H5="B+", 3.3, IF(H5="B", 3, IF(H5="B-", 2.7, IF(H5="C+", 2.3, IF(H5="C", 2, IF(H5="C-", 1.7, IF(H5="D+", 1.3, IF(H5="D", 1, IF(H5="E", 0, 0))))))))))))) * 2) / (3 + 3 + 3 + 2 + 2 + 2), 2), 0) -> 3.76
A6: 2020/ICT/06 | B6: Ms. Lourdes Jellorine | C6: A+ | D6: A- | E6: A- | F6: A- | G6: A | H6: A+ | I6: =IFERROR( ROUND( ( (IF(C6="A+", 4, IF(C6="A", 4, IF(C6="A-", 3.7, IF(C6="B+", 3.3, IF(C6="B", 3, IF(C6="B-", 2.7, IF(C6="C+", 2.3, IF(C6="C", 2, IF(C6="C-", 1.7, IF(C6="D+", 1.3, IF(C6="D", 1, IF(C6="E", 0, 0))))))))))))) * 3 + (IF(D6="A+", 4, IF(D6="A", 4, IF(D6="A-", 3.7, IF(D6="B+", 3.3, IF(D6="B", 3, IF(D6="B-", 2.7, IF(D6="C+", 2.3, IF(D6="C", 2, IF(D6="C-", 1.7, IF(D6="D+", 1.3, IF(D6="D", 1, IF(D6="E", 0, 0))))))))))))) * 3 + (IF(E6="A+", 4, IF(E6="A", 4, IF(E6="A-", 3.7, IF(E6="B+", 3.3, IF(E6="B", 3, IF(E6="B-", 2.7, IF(E6="C+", 2.3, IF(E6="C", 2, IF(E6="C-", 1.7, IF(E6="D+", 1.3, IF(E6="D", 1, IF(E6="E", 0, 0))))))))))))) * 3 + (IF(F6="A+", 4, IF(F6="A", 4, IF(F6="A-", 3.7, IF(F6="B+", 3.3, IF(F6="B", 3, IF(F6="B-", 2.7, IF(F6="C+", 2.3, IF(F6="C", 2, IF(F6="C-", 1.7, IF(F6="D+", 1.3, IF(F6="D", 1, IF(F6="E", 0, 0))))))))))))) * 2 + (IF(G6="A+", 4, IF(G6="A", 4, IF(G6="A-", 3.7, IF(G6="B+", 3.3, IF(G6="B", 3, IF(G6="B-", 2.7, IF(G6="C+", 2.3, IF(G6="C", 2, IF(G6="C-", 1.7, IF(G6="D+", 1.3, IF(G6="D", 1, IF(G6="E", 0, 0))))))))))))) * 2 + (IF(H6="A+", 4, IF(H6="A", 4, IF(H6="A-", 3.7, IF(H6="B+", 3.3, IF(H6="B", 3, IF(H6="B-", 2.7, IF(H6="C+", 2.3, IF(H6="C", 2, IF(H6="C-", 1.7, IF(H6="D+", 1.3, IF(H6="D", 1, IF(H6="E", 0, 0))))))))))))) * 2) / (3 + 3 + 3 + 2 + 2 + 2), 2), 0) -> 3.84
A7: 2020/ICT/07 | B7: Mr. Nalawansa U.K | C7: A+ | D7: B | E7: A | F7: A | G7: A+ | H7: A+ | I7: =IFERROR( ROUND( ( (IF(C7="A+", 4, IF(C7="A", 4, IF(C7="A-", 3.7, IF(C7="B+", 3.3, IF(C7="B", 3, IF(C7="B-", 2.7, IF(C7="C+", 2.3, IF(C7="C", 2, IF(C7="C-", 1.7, IF(C7="D+", 1.3, IF(C7="D", 1, IF(C7="E", 0, 0))))))))))))) * 3 + (IF(D7="A+", 4, IF(D7="A", 4, IF(D7="A-", 3.7, IF(D7="B+", 3.3, IF(D7="B", 3, IF(D7="B-", 2.7, IF(D7="C+", 2.3, IF(D7="C", 2, IF(D7="C-", 1.7, IF(D7="D+", 1.3, IF(D7="D", 1, IF(D7="E", 0, 0))))))))))))) * 3 + (IF(E7="A+", 4, IF(E7="A", 4, IF(E7="A-", 3.7, IF(E7="B+", 3.3, IF(E7="B", 3, IF(E7="B-", 2.7, IF(E7="C+", 2.3, IF(E7="C", 2, IF(E7="C-", 1.7, IF(E7="D+", 1.3, IF(E7="D", 1, IF(E7="E", 0, 0))))))))))))) * 3 + (IF(F7="A+", 4, IF(F7="A", 4, IF(F7="A-", 3.7, IF(F7="B+", 3.3, IF(F7="B", 3, IF(F7="B-", 2.7, IF(F7="C+", 2.3, IF(F7="C", 2, IF(F7="C-", 1.7, IF(F7="D+", 1.3, IF(F7="D", 1, IF(F7="E", 0, 0))))))))))))) * 2 + (IF(G7="A+", 4, IF(G7="A", 4, IF(G7="A-", 3.7, IF(G7="B+", 3.3, IF(G7="B", 3, IF(G7="B-", 2.7, IF(G7="C+", 2.3, IF(G7="C", 2, IF(G7="C-", 1.7, IF(G7="D+", 1.3, IF(G7="D", 1, IF(G7="E", 0, 0))))))))))))) * 2 + (IF(H7="A+", 4, IF(H7="A", 4, IF(H7="A-", 3.7, IF(H7="B+", 3.3, IF(H7="B", 3, IF(H7="B-", 2.7, IF(H7="C+", 2.3, IF(H7="C", 2, IF(H7="C-", 1.7, IF(H7="D+", 1.3, IF(H7="D", 1, IF(H7="E", 0, 0))))))))))))) * 2) / (3 + 3 + 3 + 2 + 2 + 2), 2), 0) -> 3.8
A8: 2020/ICT/08 | B8: Ms. Devakumar P. | C8: A- | D8: C | E8: B- | F8: B- | G8: B+ | H8: A | I8: =IFERROR( ROUND( ( (IF(C8="A+", 4, IF(C8="A", 4, IF(C8="A-", 3.7, IF(C8="B+", 3.3, IF(C8="B", 3, IF(C8="B-", 2.7, IF(C8="C+", 2.3, IF(C8="C", 2, IF(C8="C-", 1.7, IF(C8="D+", 1.3, IF(C8="D", 1, IF(C8="E", 0, 0))))))))))))) * 3 + (IF(D8="A+", 4, IF(D8="A", 4, IF(D8="A-", 3.7, IF(D8="B+", 3.3, IF(D8="B", 3, IF(D8="B-", 2.7, IF(D8="C+", 2.3, IF(D8="C", 2, IF(D8="C-", 1.7, IF(D8="D+", 1.3, IF(D8="D", 1, IF(D8="E", 0, 0))))))))))))) * 3 + (IF(E8="A+", 4, IF(E8="A", 4, IF(E8="A-", 3.7, IF(E8="B+", 3.3, IF(E8="B", 3, IF(E8="B-", 2.7, IF(E8="C+", 2.3, IF(E8="C", 2, IF(E8="C-", 1.7, IF(E8="D+", 1.3, IF(E8="D", 1, IF(E8="E", 0, 0))))))))))))) * 3 + (IF(F8="A+", 4, IF(F8="A", 4, IF(F8="A-", 3.7, IF(F8="B+", 3.3, IF(F8="B", 3, IF(F8="B-", 2.7, IF(F8="C+", 2.3, IF(F8="C", 2, IF(F8="C-", 1.7, IF(F8="D+", 1.3, IF(F8="D", 1, IF(F8="E", 0, 0))))))))))))) * 2 + (IF(G8="A+", 4, IF(G8="A", 4, IF(G8="A-", 3.7, IF(G8="B+", 3.3, IF(G8="B", 3, IF(G8="B-", 2.7, IF(G8="C+", 2.3, IF(G8="C", 2, IF(G8="C-", 1.7, IF(G8="D+", 1.3, IF(G8="D", 1, IF(G8="E", 0, 0))))))))))))) * 2 + (IF(H8="A+", 4, IF(H8="A", 4, IF(H8="A-", 3.7, IF(H8="B+", 3.3, IF(H8="B", 3, IF(H8="B-", 2.7, IF(H8="C+", 2.3, IF(H8="C", 2, IF(H8="C-", 1.7, IF(H8="D+", 1.3, IF(H8="D", 1, IF(H8="E", 0, 0))))))))))))) * 2) / (3 + 3 + 3 + 2 + 2 + 2), 2), 0) -> 3.01
A9: 2020/ICT/09 | B9: Ms. Senevirathne S.A. | C9: B+ | D9: D | E9: C+ | F9: C+ | G9: B- | H9: A- | I9: =IFERROR( ROUND( ( (IF(C9="A+", 4, IF(C9="A", 4, IF(C9="A-", 3.7, IF(C9="B+", 3.3, IF(C9="B", 3, IF(C9="B-", 2.7, IF(C9="C+", 2.3, IF(C9="C", 2, IF(C9="C-", 1.7, IF(C9="D+", 1.3, IF(C9="D", 1, IF(C9="E", 0, 0))))))))))))) * 3 + (IF(D9="A+", 4, IF(D9="A", 4, IF(D9="A-", 3.7, IF(D9="B+", 3.3, IF(D9="B", 3, IF(D9="B-", 2.7, IF(D9="C+", 2.3, IF(D9="C", 2, IF(D9="C-", 1.7, IF(D9="D+", 1.3, IF(D9="D", 1, IF(D9="E", 0, 0))))))))))))) * 3 + (IF(E9="A+", 4, IF(E9="A", 4, IF(E9="A-", 3.7, IF(E9="B+", 3.3, IF(E9="B", 3, IF(E9="B-", 2.7, IF(E9="C+", 2.3, IF(E9="C", 2, IF(E9="C-", 1.7, IF(E9="D+", 1.3, IF(E9="D", 1, IF(E9="E", 0, 0))))))))))))) * 3 + (IF(F9="A+", 4, IF(F9="A", 4, IF(F9="A-", 3.7, IF(F9="B+", 3.3, IF(F9="B", 3, IF(F9="B-", 2.7, IF(F9="C+", 2.3, IF(F9="C", 2, IF(F9="C-", 1.7, IF(F9="D+", 1.3, IF(F9="D", 1, IF(F9="E", 0, 0))))))))))))) * 2 + (IF(G9="A+", 4, IF(G9="A", 4, IF(G9="A-", 3.7, IF(G9="B+", 3.3, IF(G9="B", 3, IF(G9="B-", 2.7, IF(G9="C+", 2.3, IF(G9="C", 2, IF(G9="C-", 1.7, IF(G9="D+", 1.3, IF(G9="D", 1, IF(G9="E", 0, 0))))))))))))) * 2 + (IF(H9="A+", 4, IF(H9="A", 4, IF(H9="A-", 3.7, IF(H9="B+", 3.3, IF(H9="B", 3, IF(H9="B-", 2.7, IF(H9="C+", 2.3, IF(H9="C", 2, IF(H9="C-", 1.7, IF(H9="D+", 1.3, IF(H9="D", 1, IF(H9="E", 0, 0))))))))))))) * 2) / (3 + 3 + 3 + 2 + 2 + 2), 2), 0) -> 2.48
A10: 2020/ICT/10 | B10: Ms. Jegatheeswaran V. | C10: A | D10: C+ | E10: B- | F10: B- | G10: A | H10: A+ | I10: =IFERROR( ROUND( ( (IF(C10="A+", 4, IF(C10="A", 4, IF(C10="A-", 3.7, IF(C10="B+", 3.3, IF(C10="B", 3, IF(C10="B-", 2.7, IF(C10="C+", 2.3, IF(C10="C", 2, IF(C10="C-", 1.7, IF(C10="D+", 1.3, IF(C10="D", 1, IF(C10="E", 0, 0))))))))))))) * 3 + (IF(D10="A+", 4, IF(D10="A", 4, IF(D10="A-", 3.7, IF(D10="B+", 3.3, IF(D10="B", 3, IF(D10="B-", 2.7, IF(D10="C+", 2.3, IF(D10="C", 2, IF(D10="C-", 1.7, IF(D10="D+", 1.3, IF(D10="D", 1, IF(D10="E", 0, 0))))))))))))) * 3 + (IF(E10="A+", 4, IF(E10="A", 4, IF(E10="A-", 3.7, IF(E10="B+", 3.3, IF(E10="B", 3, IF(E10="B-", 2.7, IF(E10="C+", 2.3, IF(E10="C", 2, IF(E10="C-", 1.7, IF(E10="D+", 1.3, IF(E10="D", 1, IF(E10="E", 0, 0))))))))))))) * 3 + (IF(F10="A+", 4, IF(F10="A", 4, IF(F10="A-", 3.7, IF(F10="B+", 3.3, IF(F10="B", 3, IF(F10="B-", 2.7, IF(F10="C+", 2.3, IF(F10="C", 2, IF(F10="C-", 1.7, IF(F10="D+", 1.3, IF(F10="D", 1, IF(F10="E", 0, 0))))))))))))) * 2 + (IF(G10="A+", 4, IF(G10="A", 4, IF(G10="A-", 3.7, IF(G10="B+", 3.3, IF(G10="B", 3, IF(G10="B-", 2.7, IF(G10="C+", 2.3, IF(G10="C", 2, IF(G10="C-", 1.7, IF(G10="D+", 1.3, IF(G10="D", 1, IF(G10="E", 0, 0))))))))))))) * 2 + (IF(H10="A+", 4, IF(H10="A", 4, IF(H10="A-", 3.7, IF(H10="B+", 3.3, IF(H10="B", 3, IF(H10="B-", 2.7, IF(H10="C+", 2.3, IF(H10="C", 2, IF(H10="C-", 1.7, IF(H10="D+", 1.3, IF(H10="D", 1, IF(H10="E", 0, 0))))))))))))) * 2) / (3 + 3 + 3 + 2 + 2 + 2), 2), 0) -> 3.23
A11: 2020/ICT/12 | B11: Ms. Shahla A.A.F.S. | C11: A+ | D11: B | E11: B+ | F11: B- | G11: A | H11: A+ | I11: =IFERROR( ROUND( ( (IF(C11="A+", 4, IF(C11="A", 4, IF(C11="A-", 3.7, IF(C11="B+", 3.3, IF(C11="B", 3, IF(C11="B-", 2.7, IF(C11="C+", 2.3, IF(C11="C", 2, IF(C11="C-", 1.7, IF(C11="D+", 1.3, IF(C11="D", 1, IF(C11="E", 0, 0))))))))))))) * 3 + (IF(D11="A+", 4, IF(D11="A", 4, IF(D11="A-", 3.7, IF(D11="B+", 3.3, IF(D11="B", 3, IF(D11="B-", 2.7, IF(D11="C+", 2.3, IF(D11="C", 2, IF(D11="C-", 1.7, IF(D11="D+", 1.3, IF(D11="D", 1, IF(D11="E", 0, 0))))))))))))) * 3 + (IF(E11="A+", 4, IF(E11="A", 4, IF(E11="A-", 3.7, IF(E11="B+", 3.3, IF(E11="B", 3, IF(E11="B-", 2.7, IF(E11="C+", 2.3, IF(E11="C", 2, IF(E11="C-", 1.7, IF(E11="D+", 1.3, IF(E11="D", 1, IF(E11="E", 0, 0))))))))))))) * 3 + (IF(F11="A+", 4, IF(F11="A", 4, IF(F11="A-", 3.7, IF(F11="B+", 3.3, IF(F11="B", 3, IF(F11="B-", 2.7, IF(F11="C+", 2.3, IF(F11="C", 2, IF(F11="C-", 1.7, IF(F11="D+", 1.3, IF(F11="D", 1, IF(F11="E", 0, 0))))))))))))) * 2 + (IF(G11="A+", 4, IF(G11="A", 4, IF(G11="A-", 3.7, IF(G11="B+", 3.3, IF(G11="B", 3, IF(G11="B-", 2.7, IF(G11="C+", 2.3, IF(G11="C", 2, IF(G11="C-", 1.7, IF(G11="D+", 1.3, IF(G11="D", 1, IF(G11="E", 0, 0))))))))))))) * 2 + (IF(H11="A+", 4, IF(H11="A", 4, IF(H11="A-", 3.7, IF(H11="B+", 3.3, IF(H11="B", 3, IF(H11="B-", 2.7, IF(H11="C+", 2.3, IF(H11="C", 2, IF(H11="C-", 1.7, IF(H11="D+", 1.3, IF(H11="D", 1, IF(H11="E", 0, 0))))))))))))) * 2) / (3 + 3 + 3 + 2 + 2 + 2), 2), 0) -> 3.49
A12: 2020/ICT/13 | B12: Ms. Basheery M.K.T. | C12: A- | D12: B- | E12: B | F12: B- | G12: A- | H12: A+ | I12: =IFERROR( ROUND( ( (IF(C12="A+", 4, IF(C12="A", 4, IF(C12="A-", 3.7, IF(C12="B+", 3.3, IF(C12="B", 3, IF(C12="B-", 2.7, IF(C12="C+", 2.3, IF(C12="C", 2, IF(C12="C-", 1.7, IF(C12="D+", 1.3, IF(C12="D", 1, IF(C12="E", 0, 0))))))))))))) * 3 + (IF(D12="A+", 4, IF(D12="A", 4, IF(D12="A-", 3.7, IF(D12="B+", 3.3, IF(D12="B", 3, IF(D12="B-", 2.7, IF(D12="C+", 2.3, IF(D12="C", 2, IF(D12="C-", 1.7, IF(D12="D+", 1.3, IF(D12="D", 1, IF(D12="E", 0, 0))))))))))))) * 3 + (IF(E12="A+", 4, IF(E12="A", 4, IF(E12="A-", 3.7, IF(E12="B+", 3.3, IF(E12="B", 3, IF(E12="B-", 2.7, IF(E12="C+", 2.3, IF(E12="C", 2, IF(E12="C-", 1.7, IF(E12="D+", 1.3, IF(E12="D", 1, IF(E12="E", 0, 0))))))))))))) * 3 + (IF(F12="A+", 4, IF(F12="A", 4, IF(F12="A-", 3.7, IF(F12="B+", 3.3, IF(F12="B", 3, IF(F12="B-", 2.7, IF(F12="C+", 2.3, IF(F12="C", 2, IF(F12="C-", 1.7, IF(F12="D+", 1.3, IF(F12="D", 1, IF(F12="E", 0, 0))))))))))))) * 2 + (IF(G12="A+", 4, IF(G12="A", 4, IF(G12="A-", 3.7, IF(G12="B+", 3.3, IF(G12="B", 3, IF(G12="B-", 2.7, IF(G12="C+", 2.3, IF(G12="C", 2, IF(G12="C-", 1.7, IF(G12="D+", 1.3, IF(G12="D", 1, IF(G12="E", 0, 0))))))))))))) * 2 + (IF(H12="A+", 4, IF(H12="A", 4, IF(H12="A-", 3.7, IF(H12="B+", 3.3, IF(H12="B", 3, IF(H12="B-", 2.7, IF(H12="C+", 2.3, IF(H12="C", 2, IF(H12="C-", 1.7, IF(H12="D+", 1.3, IF(H12="D", 1, IF(H12="E", 0, 0))))))))))))) * 2) / (3 + 3 + 3 + 2 + 2 + 2), 2), 0) -> 3.27
A13: 2020/ICT/14 | B13: Ms. Minha M.S.F. | C13: A- | D13: B- | E13: B | F13: B- | G13: A- | H13: A+ | I13: =IFERROR( ROUND( ( (IF(C13="A+", 4, IF(C13="A", 4, IF(C13="A-", 3.7, IF(C13="B+", 3.3, IF(C13="B", 3, IF(C13="B-", 2.7, IF(C13="C+", 2.3, IF(C13="C", 2, IF(C13="C-", 1.7, IF(C13="D+", 1.3, IF(C13="D", 1, IF(C13="E", 0, 0))))))))))))) * 3 + (IF(D13="A+", 4, IF(D13="A", 4, IF(D13="A-", 3.7, IF(D13="B+", 3.3, IF(D13="B", 3, IF(D13="B-", 2.7, IF(D13="C+", 2.3, IF(D13="C", 2, IF(D13="C-", 1.7, IF(D13="D+", 1.3, IF(D13="D", 1, IF(D13="E", 0, 0))))))))))))) * 3 + (IF(E13="A+", 4, IF(E13="A", 4, IF(E13="A-", 3.7, IF(E13="B+", 3.3, IF(E13="B", 3, IF(E13="B-", 2.7, IF(E13="C+", 2.3, IF(E13="C", 2, IF(E13="C-", 1.7, IF(E13="D+", 1.3, IF(E13="D", 1, IF(E13="E", 0, 0))))))))))))) * 3 + (IF(F13="A+", 4, IF(F13="A", 4, IF(F13="A-", 3.7, IF(F13="B+", 3.3, IF(F13="B", 3, IF(F13="B-", 2.7, IF(F13="C+", 2.3, IF(F13="C", 2, IF(F13="C-", 1.7, IF(F13="D+", 1.3, IF(F13="D", 1, IF(F13="E", 0, 0))))))))))))) * 2 + (IF(G13="A+", 4, IF(G13="A", 4, IF(G13="A-", 3.7, IF(G13="B+", 3.3, IF(G13="B", 3, IF(G13="B-", 2.7, IF(G13="C+", 2.3, IF(G13="C", 2, IF(G13="C-", 1.7, IF(G13="D+", 1.3, IF(G13="D", 1, IF(G13="E", 0, 0))))))))))))) * 2 + (IF(H13="A+", 4, IF(H13="A", 4, IF(H13="A-", 3.7, IF(H13="B+", 3.3, IF(H13="B", 3, IF(H13="B-", 2.7, IF(H13="C+", 2.3, IF(H13="C", 2, IF(H13="C-", 1.7, IF(H13="D+", 1.3, IF(H13="D", 1, IF(H13="E", 0, 0))))))))))))) * 2) / (3 + 3 + 3 + 2 + 2 + 2), 2), 0) -> 3.27
A14: 2020/ICT/15 | B14: Mr. Krishan S. | C14: A | D14: B- | E14: B+ | F14: B+ | G14: A- | H14: A+ | I14: =IFERROR( ROUND( ( (IF(C14="A+", 4, IF(C14="A", 4, IF(C14="A-", 3.7, IF(C14="B+", 3.3, IF(C14="B", 3, IF(C14="B-", 2.7, IF(C14="C+", 2.3, IF(C14="C", 2, IF(C14="C-", 1.7, IF(C14="D+", 1.3, IF(C14="D", 1, IF(C14="E", 0, 0))))))))))))) * 3 + (IF(D14="A+", 4, IF(D14="A", 4, IF(D14="A-", 3.7, IF(D14="B+", 3.3, IF(D14="B", 3, IF(D14="B-", 2.7, IF(D14="C+", 2.3, IF(D14="C", 2, IF(D14="C-", 1.7, IF(D14="D+", 1.3, IF(D14="D", 1, IF(D14="E", 0, 0))))))))))))) * 3 + (IF(E14="A+", 4, IF(E14="A", 4, IF(E14="A-", 3.7, IF(E14="B+", 3.3, IF(E14="B", 3, IF(E14="B-", 2.7, IF(E14="C+", 2.3, IF(E14="C", 2, IF(E14="C-", 1.7, IF(E14="D+", 1.3, IF(E14="D", 1, IF(E14="E", 0, 0))))))))))))) * 3 + (IF(F14="A+", 4, IF(F14="A", 4, IF(F14="A-", 3.7, IF(F14="B+", 3.3, IF(F14="B", 3, IF(F14="B-", 2.7, IF(F14="C+", 2.3, IF(F14="C", 2, IF(F14="C-", 1.7, IF(F14="D+", 1.3, IF(F14="D", 1, IF(F14="E", 0, 0))))))))))))) * 2 + (IF(G14="A+", 4, IF(G14="A", 4, IF(G14="A-", 3.7, IF(G14="B+", 3.3, IF(G14="B", 3, IF(G14="B-", 2.7, IF(G14="C+", 2.3, IF(G14="C", 2, IF(G14="C-", 1.7, IF(G14="D+", 1.3, IF(G14="D", 1, IF(G14="E", 0, 0))))))))))))) * 2 + (IF(H14="A+", 4, IF(H14="A", 4, IF(H14="A-", 3.7, IF(H14="B+", 3.3, IF(H14="B", 3, IF(H14="B-", 2.7, IF(H14="C+", 2.3, IF(H14="C", 2, IF(H14="C-", 1.7, IF(H14="D+", 1.3, IF(H14="D", 1, IF(H14="E", 0, 0))))))))))))) * 2) / (3 + 3 + 3 + 2 + 2 + 2), 2), 0) -> 3.47
... A108: 2020/ICT/120 | B108: Ms.Thavarajah H | C108: A- | D108: C+ | E108: B | F108: C+ | G108: B | H108: A | I108: =IFERROR( ROUND( ( (IF(C108="A+", 4, IF(C108="A", 4, IF(C108="A-", 3.7, IF(C108="B+", 3.3, IF(C108="B", 3, IF(C108="B-", 2.7, IF(C108="C+", 2.3, IF(C108="C", 2, IF(C108="C-", 1.7, IF(C108="D+", 1.3, IF(C108="D", 1, IF(C108="E", 0, 0))))))))))))) * 3 + (IF(D108="A+", 4, IF(D108="A", 4, IF(D108="A-", 3.7, IF(D108="B+", 3.3, IF(D108="B", 3, IF(D108="B-", 2.7, IF(D108="C+", 2.3, IF(D108="C", 2, IF(D108="C-", 1.7, IF(D108="D+", 1.3, IF(D108="D", 1, IF(D108="E", 0, 0))))))))))))) * 3 + (IF(E108="A+", 4, IF(E108="A", 4, IF(E108="A-", 3.7, IF(E108="B+", 3.3, IF(E108="B", 3, IF(E108="B-", 2.7, IF(E108="C+", 2.3, IF(E108="C", 2, IF(E108="C-", 1.7, IF(E108="D+", 1.3, IF(E108="D", 1, IF(E108="E", 0, 0))))))))))))) * 3 + (IF(F108="A+", 4, IF(F108="A", 4, IF(F108="A-", 3.7, IF(F108="B+", 3.3, IF(F108="B", 3, IF(F108="B-", 2.7, IF(F108="C+", 2.3, IF(F108="C", 2, IF(F108="C-", 1.7, IF(F108="D+", 1.3, IF(F108="D", 1, IF(F108="E", 0, 0))))))))))))) * 2 + (IF(G108="A+", 4, IF(G108="A", 4, IF(G108="A-", 3.7, IF(G108="B+", 3.3, IF(G108="B", 3, IF(G108="B-", 2.7, IF(G108="C+", 2.3, IF(G108="C", 2, IF(G108="C-", 1.7, IF(G108="D+", 1.3, IF(G108="D", 1, IF(G108="E", 0, 0))))))))))))) * 2 + (IF(H108="A+", 4, IF(H108="A", 4, IF(H108="A-", 3.7, IF(H108="B+", 3.3, IF(H108="B", 3, IF(H108="B-", 2.7, IF(H108="C+", 2.3, IF(H108="C", 2, IF(H108="C-", 1.7, IF(H108="D+", 1.3, IF(H108="D", 1, IF(H108="E", 0, 0))))))))))))) * 2) / (3 + 3 + 3 + 2 + 2 + 2), 2), 0) -> 3.04

Sheet 4.1
A1: Reg.No | B1: Name | C1: Index No | D1: IT 4113 Comp. Org. & Architecture | E1: IT 4123 Agent Based Computing | F1: IT 4133 Bioinformatics & Comp. Bio | G1: IT 4142 Compiler Design | H1: IT 4153 Adv. Computer Networks | I1: EL 4122 Data Science | J1: EL 4132 GIS & Remote Sensing | K1: EL 4142 Graph Theory | L1: EL 4152 Machine Learning | M1: EL 4162 Numerical Computing | N1: EL 4192 Software Defined Networking | O1: GPA
A2: 2020/ICT/03 | B2: Ms. Shanmugarajah D. | C2: IT16003 | D2: A- | E2: B+ | F2: B- | G2: B+ | H2: C+ | I2: B+ | J2: B- | K2: A+ | L2: B- | N2: B+ | O2: 3.11
A3: 2020/ICT/06 | B3: Ms. Lourdes Jellorine | C3: IT16005 | D3: A | E3: A- | F3: B | G3: B+ | H3: B+ | I3: A- | K3: A+ | L3: A | M3: A+ | N3: A+ | O3: 3.67
A4: 2020/ICT/07 | B4: Mr. Nalawansa U.K | C4: IT16006 | D4: B+ | E4: A- | F4: B+ | G4: B+ | H4: B+ | I4: A | J4: B | K4: A | L4: A | N4: A+ | O4: 3.56
A5: 2020/ICT/12 | B5: Ms. Shahla A.A.F.S. | C5: IT16010 | D5: B+ | E5: A- | F5: B+ | G5: B+ | H5: B- | I5: A- | K5: A | L5: A | M5: B+ | N5: A+ | O5: 3.48
A6: 2020/ICT/14 | B6: Ms. Minha M.S.F. | C6: IT16012 | D6: A- | E6: A+ | F6: B+ | G6: A- | H6: B | I6: A | J6: B | K6: A | L6: A | N6: A+ | O6: 3.64
A7: 2020/ICT/15 | B7: Mr. Krishan S. | C7: IT16013 | D7: A+ | E7: A | F7: B+ | G7: B+ | H7: B- | I7: A+ | J7: B | K7: B+ | L7: B | N7: A+ | O7: 3.47
A8: 2020/ICT/16 | B8: Mr. Ahamed M.I.A. | C8: IT16014 | D8: B | E8: A | F8: B- | G8: B- | H8: B+ | I8: A- | J8: A+ | K8: B | L8: A- | N8: A+ | O8: 3.38
A9: 2020/ICT/18 | B9: Mr. Jeewantha I.M.C. | C9: IT16016 | D9: A | E9: B+ | F9: B | G9: B+ | H9: A | I9: A+ | K9: A- | L9: A- | M9: B | N9: A | O9: 3.6
A10: 2020/ICT/19 | B10: Mr. Kandanaarachchi K.A.D. | C10: IT16017 | D10: A+ | E10: A- | F10: B+ | G10: B+ | H10: B+ | I10: A | J10: A+ | K10: A+ | L10: A | N10: A+ | O10: 3.73
A11: 2020/ICT/21 | B11: Mr. Dilakshana K.H.S. | C11: IT16019 | D11: B | E11: B+ | F11: B | G11: B+ | H11: B+ | I11: A | K11: A | L11: A | M11: A+ | N11: A+ | O11: 3.52
A12: 2020/ICT/22 | B12: Mr. Karunathilaka W.L.L. | C12: IT16020 | D12: A+ | E12: A+ | F12: A- | G12: A- | H12: B | I12: A | J12: A | K12: A+ | L12: B | M12: A- | O12: 3.7
A13: 2020/ICT/30 | B13: Mr. Perera K.T.K. | C13: IT16027 | D13: A | E13: A+ | F13: A- | G13: A- | H13: A- | I13: A+ | J13: A | K13: A+ | L13: A+ | M13: A | O13: 3.9
A14: 2020/ICT/31 | B14: Ms. Tharanga K.A.R. | C14: IT16028 | D14: A | E14: A | F14: B+ | G14: A- | H14: A- | I14: A+ | K14: A+ | L14: A | M14: B+ | N14: A+ | O14: 3.79
A15: 2020/ICT/32 | B15: Mr. Kalhara K.A.T. | C15: IT16029 | D15: A- | E15: A | F15: B+ | G15: B- | H15: B | I15: B+ | J15: A- | K15: A+ | L15: A | M15: B+ | O15: 3.5
A16: 2020/ICT/35 | B16: Mr. Dissanayaka D.M.L.Y. | C16: IT16032 | D16: A | E16: A- | F16: B | G16: C | H16: C | I16: A- | J16: B | K16: B+ | L16: B+ | N16: A- | O16: 3.17
A17: 2020/ICT/37 | B17: Ms. Kulathunga J.M.C.B. | C17: IT16034 | D17: A+ | E17: B+ | F17: B | G17: A- | H17: B | I17: A+ | K17: A- | L17: A+ | M17: A+ | N17: A+ | O17: 3.61
A18: 2020/ICT/39 | B18: Mr. Kariyawasam K.W.I.N. | C18: IT16036 | D18: A- | E18: A+ | F18: B | G18: B+ | H18: B | I18: A | K18: B | L18: A+ | M18: A+ | N18: A+ | O18: 3.57
A19: 2020/ICT/41 | B19: Mr. Rathnakumara G.R.P.N. | C19: IT16038 | D19: A- | E19: A | F19: B+ | G19: C+ | H19: A- | I19: B+ | J19: B+ | K19: B+ | L19: B+ | N19: A+ | O19: 3.46
A20: 2020/ICT/42 | B20: Ms. Senarathne R.D.D.A. | C20: IT16039 | D20: A | E20: B+ | F20: B | G20: B+ | H20: B+ | I20: A+ | K20: A+ | L20: B+ | M20: A | N20: A | O20: 3.58
A21: 2020/ICT/43 | B21: Mr. Mayurajith P.M.M. | C21: IT16040 | D21: A- | E21: B+ | F21: B- | G21: B | H21: B+ | I21: A- | K21: B | L21: C+ | M21: A- | N21: A | O21: 3.27
A22: 2020/ICT/44 | B22: Ms. Lakmini L.A.M. | C22: IT16041 | D22: A- | E22: B+ | F22: B- | G22: B | H22: A- | I22: A | K22: A- | L22: A- | M22: A- | N22: B+ | O22: 3.46
A23: 2020/ICT/47 | B23: Ms. Rathnayake R.M.S. | C23: IT16042 | D23: A | E23: A | F23: B+ | G23: A+ | H23: A- | I23: A | K23: A+ | L23: A | M23: A+ | N23: A+ | O23: 3.88
A24: 2020/ICT/48 | B24: Ms. Ilma A.I.F. | C24: IT16043 | D24: A | E24: A | F24: A- | G24: A- | H24: B | I24: A+ | K24: A+ | L24: A+ | M24: B+ | N24: A+ | O24: 3.75
A25: 2020/ICT/49 | B25: Mr. Bandara R.M.M.T. | C25: IT16044 | D25: A+ | E25: A- | F25: A- | G25: B | H25: B+ | I25: A | K25: A+ | L25: A | M25: B | N25: B+ | O25: 3.61
A26: 2020/ICT/50 | B26: Ms. Lanojika T. | C26: IT16045 | D26: A | E26: A+ | F26: A- | G26: B+ | H26: B | I26: A+ | K26: A+ | L26: A | M26: B | N26: A- | O26: 3.67
A27: 2020/ICT/52 | B27: Mr. Athukorala W.A.D.G.H. | C27: IT16047 | D27: A- | E27: A+ | F27: B+ | G27: A- | H27: B | I27: A+ | K27: A+ | L27: B+ | M27: A+ | N27: A+ | O27: 3.67
A28: 2020/ICT/54 | B28: Ms. Epa V.D.S.N. | C28: IT16049 | D28: A | E28: A+ | F28: A- | G28: A- | H28: A- | I28: A+ | K28: A+ | L28: A+ | M28: A+ | N28: A+ | O28: 3.9
A29: 2020/ICT/56 | B29: Ms. Wijesinghe W.A.K.P. | C29: IT16051 | D29: B+ | E29: A | F29: B- | G29: C | H29: C+ | I29: A+ | K29: A- | L29: B | M29: A- | N29: B+ | O29: 3.18
A30: 2020/ICT/57 | B30: Ms. Hettiarachchi C.H. | C30: IT16052 | D30: B+ | E30: B+ | F30: B | G30: B- | H30: B+ | I30: A+ | J30: A+ | K30: A | L30: B- | M30: A | O30: 3.4
A31: 2020/ICT/58 | B31: Mr. Nazik S.H.M. | C31: IT16053 | D31: A+ | E31: A | F31: A- | G31: B+ | H31: B- | I31: B+ | J31: A+ | K31: A | L31: B | N31: A+ | O31: 3.6
A32: 2020/ICT/59 | B32: Mr. Harson V. | C32: IT16054 | D32: A- | E32: A | F32: A- | G32: A- | H32: B | I32: A | J32: A+ | K32: A+ | L32: A | N32: B+ | O32: 3.72
A33: 2020/ICT/63 | B33: Mr. Logambigan T. | C33: IT16057 | D33: A- | E33: A- | F33: B- | G33: B- | H33: C+ | I33: A- | J33: A- | K33: A- | L33: B+ | N33: A- | O33: 3.28
A34: 2020/ICT/64 | B34: Ms.Ilma M.I.F. | C34: IT16058 | D34: A | E34: A+ | F34: B+ | G34: A- | H34: B | I34: A+ | J34: A- | K34: A+ | L34: A+ | M34: A+ | O34: 3.74
A35: 2020/ICT/65 | B35: Ms. Indrejith S.A.C.S. | C35: IT16059 | D35: A | E35: A- | F35: A- | G35: A- | H35: B+ | I35: A | J35: A | K35: A+ | L35: A+ | N35: A+ | O35: 3.81
A36: 2020/ICT/73 | B36: Mr. Kumara K.V.L. | C36: IT16065 | D36: B | E36: A- | F36: B+ | G36: B- | H36: B- | I36: A | K36: A+ | L36: B- | M36: B | N36: A- | O36: 3.26
A37: 2020/ICT/82 | B37: Ms. Ruzla M.J. | C37: IT16074 | D37: A- | E37: A- | F37: A- | G37: B+ | H37: B+ | I37: A | K37: A+ | L37: A- | M37: A- | N37: A+ | O37: 3.69
A38: 2020/ICT/85 | B38: Ms. Gunarathna P.M.D.P.R.P. | C38: IT16077 | D38: A- | E38: B+ | F38: B | G38: B | H38: B+ | I38: A | K38: A+ | L38: A+ | M38: A | N38: A | O38: 3.58
A39: 2020/ICT/91 | B39: Ms. Perera H.D.S. | C39: IT16082 | D39: A- | E39: A- | F39: B+ | G39: B+ | H39: B | I39: A+ | J39: B+ | K39: B+ | L39: A+ | M39: A | O39: 3.54
A40: 2020/ICT/92 | B40: Mr. Kulathunga M.A.S.S. | C40: IT16083 | D40: A | E40: A+ | F40: A- | G40: B | H40: B+ | I40: A+ | K40: A+ | L40: A | M40: A+ | N40: A | O40: 3.79
A41: 2020/ICT/93 | B41: Mr. Jayathunga R.P. | C41: IT16084 | D41: A | E41: A- | F41: B+ | G41: C | H41: C | I41: A- | J41: B+ | K41: A | L41: A- | N41: B+ | O41: 3.29
A42: 2020/ICT/95 | B42: Ms. Liyanaarachchi W.L.A.D. | C42: IT16086 | D42: A- | E42: A- | F42: B+ | G42: A- | H42: B | I42: A+ | K42: A | L42: A+ | M42: A+ | N42: A+ | O42: 3.69
A43: 2020/ICT/96 | B43: Ms Dharmapriya K.S.A. | C43: IT16087 | D43: A | E43: B | F43: B+ | G43: B | H43: B- | I43: A | J43: A | K43: B+ | L43: A- | M43: B- | O43: 3.35
A44: 2020/ICT/97 | B44: Mr. Ponnamperuma N.P. | C44: IT16088 | D44: B+ | E44: A- | F44: A- | G44: C | H44: B | I44: C+ | J44: B+ | K44: A- | L44: C+ | N44: A | O44: 3.18
A45: 2020/ICT/98 | B45: Ms. Basnayaka B.M.K.G. | C45: IT16089 | D45: A | E45: A- | F45: A- | G45: B+ | H45: A- | I45: A+ | K45: A+ | L45: A- | M45: A | N45: A+ | O45: 3.8
A46: 2020/ICT/105 | B46: Mr. R. H. A. S. R. Ranasinghe | C46: IT16096 | D46: A- | E46: A- | F46: A- | G46: B+ | H46: B | I46: A | K46: A | L46: A | M46: A | N46: B+ | O46: 3.65
A47: 2020/ICT/107 | B47: Mr. D. M. T. L. Dissanayaka | C47: IT16098 | D47: B+ | E47: B | F47: B- | G47: B+ | H47: B- | I47: A- | K47: A | L47: B | M47: B- | N47: A- | O47: 3.16
A48: 2020/ICT/108 | B48: Mr. J. A. M. P. Jayasinha | C48: IT16099 | D48: A | E48: B+ | F48: B- | G48: B+ | H48: B | I48: A- | J48: B | K48: B | L48: B+ | M48: A | O48: 3.32
A49: 2020/ICT/110 | B49: Mr. M. M. M. Musni | C49: IT16101 | D49: A | E49: A+ | F49: A- | G49: A- | H49: B- | I49: A | J49: A- | K49: B+ | L49: A | N49: A | O49: 3.69
A50: 2020/ICT/113 | B50: Mr.R.A.D.A.Ranasinghe | C50: IT16104 | D50: A | E50: A+ | F50: A- | G50: B | H50: A- | I50: A+ | J50: A+ | K50: B+ | L50: A+ | M50: A- | O50: 3.76
A51: 2020/ICT/117 | B51: Ms.S.D.Rajapaksha | C51: IT16108 | D51: A | E51: A+ | F51: B+ | G51: A+ | H51: A- | I51: A | J51: A- | K51: A+ | L51: B+ | M51: A | O51: 3.79
A52: 2020/ICT/119 | B52: Mr. Zahran L. M | C52: IT16110 | D52: B+ | E52: A- | F52: B+ | G52: B | H52: C+ | I52: A+ | K52: A- | L52: B | M52: B- | N52: B+ | O52: 3.22

Sheet 4.2
A1: Reg.No | B1: Name | C1: Index No | D1: IT4216
A2: 2020/ICT/03 | B2: Ms. Shanmugarajah D. | C2: IT16003 | D2: A+
A3: 2020/ICT/06 | B3: Ms. Lourdes Jellorine | C3: IT16005 | D3: A
A4: 2020/ICT/07 | B4: Mr. Nalawansa U.K | C4: IT16006 | D4: A+
A5: 2020/ICT/12 | B5: Ms. Shahla A.A.F.S. | C5: IT16010 | D5: A-
A6: 2020/ICT/14 | B6: Ms. Minha M.S.F. | C6: IT16012 | D6: A-
A7: 2020/ICT/15 | B7: Mr. Krishan S. | C7: IT16013 | D7: A
A8: 2020/ICT/16 | B8: Mr. Ahamed M.I.A. | C8: IT16014 | D8: A+
A9: 2020/ICT/18 | B9: Mr. Jeewantha I.M.C. | C9: IT16016 | D9: A
A10: 2020/ICT/19 | B10: Mr. Kandanaarachchi K.A.D. | C10: IT16017 | D10: A
A11: 2020/ICT/21 | B11: Mr. Dilakshana K.H.S. | C11: IT16019 | D11: A
A12: 2020/ICT/22 | B12: Mr. Karunathilaka W.L.L. | C12: IT16020 | D12: A-
... A52: 2020/ICT/119 | B52: Mr. Zahran L. M | C52: IT16110 | D52: A+

Sheet OGPA
A1: Reg.No | B1: Name | C1: 1.1 GPA | D1: 1.2 GPA | E1: 2.1 GPA | F1: 2.2 GPA | G1: 3.1 GPA | H1: 3.2 GPA | I1: 3-Year OCGPA (90 Cr) | J1: 4.1 GPA (24 Cr) | K1: 4.2 GPA (6 Cr) | L1: Year 4 GPA (30 Cr) | M1: Final OCGPA (Degree) | N1: Degree Track | O1: Degree Class
A2: 2020/ICT/01 | B2: Ms. Udisha W.H.I | C2: 3.26 | D2: 3.5 | E2: ='2.1'!H2 -> 3.67 | F2: 2.59 | G2: ='3.1'!I2 -> 3.1 | H2: 3.15 | I2: =ROUND(AVERAGE(C2:H2), 3) -> 3.212 | J2: =IFERROR(VLOOKUP(A2, '4.1'!$A$2:$O$52, 15, FALSE), "N/A") -> N/A | K2: =IF(IFERROR(VLOOKUP(A2, '4.2'!$A$2:$D$52, 4, FALSE), "")="A+",4,IF(IFERROR(VLOOKUP(A2, '4.2'!$A$2:$D$52, 4, FALSE), "")="A",4,IF(IFERROR(VLOOKUP(A2, '4.2'!$A$2:$D$52, 4, FALSE), "")="A-",3.7,IF(IFERROR(VLOOKUP(A2, '4.2'!$A$2:$D$52, 4, FALSE), "")="B+",3.3,IF(IFERROR(VLOOKUP(A2, '4.2'!$A$2:$D$52, 4, FALSE), "")="B",3,IF(IFERROR(VLOOKUP(A2, '4.2'!$A$2:$D$52, 4, FALSE), "")="B-",2.7,IF(IFERROR(VLOOKUP(A2, '4.2'!$A$2:$D$52, 4, FALSE), "")="C+",2.3,IF(IFERROR(VLOOKUP(A2, '4.2'!$A$2:$D$52, 4, FALSE), "")="C",2,IF(IFERROR(VLOOKUP(A2, '4.2'!$A$2:$D$52, 4, FALSE), "")="C-",1.7,IF(IFERROR(VLOOKUP(A2, '4.2'!$A$2:$D$52, 4, FALSE), "")="D+",1.3,IF(IFERROR(VLOOKUP(A2, '4.2'!$A$2:$D$52, 4, FALSE), "")="D",1,IF(IFERROR(VLOOKUP(A2, '4.2'!$A$2:$D$52, 4, FALSE), "")="E",0,"N/A")))))))))))) -> N/A | L2: =IF(ISNUMBER(J2), ROUND((J2*24 + K2*6)/30, 3), "N/A") -> N/A | M2: =IF(ISNUMBER(L2), ROUND(I2*0.75 + L2*0.25, 3), I2) -> 3.212 | N2: =IF(ISNUMBER(L2), "Honours (120 Cr)", "General (90 Cr)") -> General (90 Cr) | O2: =IF(M2>=3.7, "First Class", IF(M2>=3.3, "Second Class Upper", IF(M2>=3, "Second Class Lower", IF(M2>=2, "General Pass", "Below Pass")))) -> Second Class Lower
A3: 2020/ICT/02 | B3: Mr. Imran B.M. | C3: 2.08 | D3: 1.47 | E3: ='2.1'!H3 -> 1.01 | F3: 0 | G3: ='3.1'!I3 -> 2.32 | H3: 1.65 | I3: =ROUND(AVERAGE(C3:H3), 3) -> 1.422 | J3: =IFERROR(VLOOKUP(A3, '4.1'!$A$2:$O$52, 15, FALSE), "N/A") -> N/A | K3: =IF(IFERROR(VLOOKUP(A3, '4.2'!$A$2:$D$52, 4, FALSE), "")="A+",4,IF(IFERROR(VLOOKUP(A3, '4.2'!$A$2:$D$52, 4, FALSE), "")="A",4,IF(IFERROR(VLOOKUP(A3, '4.2'!$A$2:$D$52, 4, FALSE), "")="A-",3.7,IF(IFERROR(VLOOKUP(A3, '4.2'!$A$2:$D$52, 4, FALSE), "")="B+",3.3,IF(IFERROR(VLOOKUP(A3, '4.2'!$A$2:$D$52, 4, FALSE), "")="B",3,IF(IFERROR(VLOOKUP(A3, '4.2'!$A$2:$D$52, 4, FALSE), "")="B-",2.7,IF(IFERROR(VLOOKUP(A3, '4.2'!$A$2:$D$52, 4, FALSE), "")="C+",2.3,IF(IFERROR(VLOOKUP(A3, '4.2'!$A$2:$D$52, 4, FALSE), "")="C",2,IF(IFERROR(VLOOKUP(A3, '4.2'!$A$2:$D$52, 4, FALSE), "")="C-",1.7,IF(IFERROR(VLOOKUP(A3, '4.2'!$A$2:$D$52, 4, FALSE), "")="D+",1.3,IF(IFERROR(VLOOKUP(A3, '4.2'!$A$2:$D$52, 4, FALSE), "")="D",1,IF(IFERROR(VLOOKUP(A3, '4.2'!$A$2:$D$52, 4, FALSE), "")="E",0,"N/A")))))))))))) -> N/A | L3: =IF(ISNUMBER(J3), ROUND((J3*24 + K3*6)/30, 3), "N/A") -> N/A | M3: =IF(ISNUMBER(L3), ROUND(I3*0.75 + L3*0.25, 3), I3) -> 1.422 | N3: =IF(ISNUMBER(L3), "Honours (120 Cr)", "General (90 Cr)") -> General (90 Cr) | O3: =IF(M3>=3.7, "First Class", IF(M3>=3.3, "Second Class Upper", IF(M3>=3, "Second Class Lower", IF(M3>=2, "General Pass", "Below Pass")))) -> Below Pass
A4: 2020/ICT/03 | B4: Ms. Shanmugarajah D. | C4: 3.55 | D4: 2.91 | E4: ='2.1'!H4 -> 3.01 | F4: 2.67 | G4: ='3.1'!I4 -> 3.33 | H4: 3.23 | I4: =ROUND(AVERAGE(C4:H4), 3) -> 3.117 | J4: =IFERROR(VLOOKUP(A4, '4.1'!$A$2:$O$52, 15, FALSE), "N/A") -> 3.11 | K4: =IF(IFERROR(VLOOKUP(A4, '4.2'!$A$2:$D$52, 4, FALSE), "")="A+",4,IF(IFERROR(VLOOKUP(A4, '4.2'!$A$2:$D$52, 4, FALSE), "")="A",4,IF(IFERROR(VLOOKUP(A4, '4.2'!$A$2:$D$52, 4, FALSE), "")="A-",3.7,IF(IFERROR(VLOOKUP(A4, '4.2'!$A$2:$D$52, 4, FALSE), "")="B+",3.3,IF(IFERROR(VLOOKUP(A4, '4.2'!$A$2:$D$52, 4, FALSE), "")="B",3,IF(IFERROR(VLOOKUP(A4, '4.2'!$A$2:$D$52, 4, FALSE), "")="B-",2.7,IF(IFERROR(VLOOKUP(A4, '4.2'!$A$2:$D$52, 4, FALSE), "")="C+",2.3,IF(IFERROR(VLOOKUP(A4, '4.2'!$A$2:$D$52, 4, FALSE), "")="C",2,IF(IFERROR(VLOOKUP(A4, '4.2'!$A$2:$D$52, 4, FALSE), "")="C-",1.7,IF(IFERROR(VLOOKUP(A4, '4.2'!$A$2:$D$52, 4, FALSE), "")="D+",1.3,IF(IFERROR(VLOOKUP(A4, '4.2'!$A$2:$D$52, 4, FALSE), "")="D",1,IF(IFERROR(VLOOKUP(A4, '4.2'!$A$2:$D$52, 4, FALSE), "")="E",0,"N/A")))))))))))) -> 4 | L4: =IF(ISNUMBER(J4), ROUND((J4*24 + K4*6)/30, 3), "N/A") -> 3.288 | M4: =IF(ISNUMBER(L4), ROUND(I4*0.75 + L4*0.25, 3), I4) -> 3.16 | N4: =IF(ISNUMBER(L4), "Honours (120 Cr)", "General (90 Cr)") -> Honours (120 Cr) | O4: =IF(M4>=3.7, "First Class", IF(M4>=3.3, "Second Class Upper", IF(M4>=3, "Second Class Lower", IF(M4>=2, "General Pass", "Below Pass")))) -> Second Class Lower
A5: 2020/ICT/05 | B5: Mr. Muniweera K.G.U.K. | C5: 3.31 | D5: 3.19 | E5: ='2.1'!H5 -> 2.69 | F5: 2.65 | G5: ='3.1'!I5 -> 3.47 | H5: 3.76 | I5: =ROUND(AVERAGE(C5:H5), 3) -> 3.178 | J5: =IFERROR(VLOOKUP(A5, '4.1'!$A$2:$O$52, 15, FALSE), "N/A") -> N/A | K5: =IF(IFERROR(VLOOKUP(A5, '4.2'!$A$2:$D$52, 4, FALSE), "")="A+",4,IF(IFERROR(VLOOKUP(A5, '4.2'!$A$2:$D$52, 4, FALSE), "")="A",4,IF(IFERROR(VLOOKUP(A5, '4.2'!$A$2:$D$52, 4, FALSE), "")="A-",3.7,IF(IFERROR(VLOOKUP(A5, '4.2'!$A$2:$D$52, 4, FALSE), "")="B+",3.3,IF(IFERROR(VLOOKUP(A5, '4.2'!$A$2:$D$52, 4, FALSE), "")="B",3,IF(IFERROR(VLOOKUP(A5, '4.2'!$A$2:$D$52, 4, FALSE), "")="B-",2.7,IF(IFERROR(VLOOKUP(A5, '4.2'!$A$2:$D$52, 4, FALSE), "")="C+",2.3,IF(IFERROR(VLOOKUP(A5, '4.2'!$A$2:$D$52, 4, FALSE), "")="C",2,IF(IFERROR(VLOOKUP(A5, '4.2'!$A$2:$D$52, 4, FALSE), "")="C-",1.7,IF(IFERROR(VLOOKUP(A5, '4.2'!$A$2:$D$52, 4, FALSE), "")="D+",1.3,IF(IFERROR(VLOOKUP(A5, '4.2'!$A$2:$D$52, 4, FALSE), "")="D",1,IF(IFERROR(VLOOKUP(A5, '4.2'!$A$2:$D$52, 4, FALSE), "")="E",0,"N/A")))))))))))) -> N/A | L5: =IF(ISNUMBER(J5), ROUND((J5*24 + K5*6)/30, 3), "N/A") -> N/A | M5: =IF(ISNUMBER(L5), ROUND(I5*0.75 + L5*0.25, 3), I5) -> 3.178 | N5: =IF(ISNUMBER(L5), "Honours (120 Cr)", "General (90 Cr)") -> General (90 Cr) | O5: =IF(M5>=3.7, "First Class", IF(M5>=3.3, "Second Class Upper", IF(M5>=3, "Second Class Lower", IF(M5>=2, "General Pass", "Below Pass")))) -> Second Class Lower
A6: 2020/ICT/06 | B6: Ms. Lourdes Jellorine | C6: 4 | D6: 3.77 | E6: ='2.1'!H6 -> 3.87 | F6: 3.44 | G6: ='3.1'!I6 -> 3.76 | H6: 3.84 | I6: =ROUND(AVERAGE(C6:H6), 3) -> 3.78 | J6: =IFERROR(VLOOKUP(A6, '4.1'!$A$2:$O$52, 15, FALSE), "N/A") -> 3.67 | K6: =IF(IFERROR(VLOOKUP(A6, '4.2'!$A$2:$D$52, 4, FALSE), "")="A+",4,IF(IFERROR(VLOOKUP(A6, '4.2'!$A$2:$D$52, 4, FALSE), "")="A",4,IF(IFERROR(VLOOKUP(A6, '4.2'!$A$2:$D$52, 4, FALSE), "")="A-",3.7,IF(IFERROR(VLOOKUP(A6, '4.2'!$A$2:$D$52, 4, FALSE), "")="B+",3.3,IF(IFERROR(VLOOKUP(A6, '4.2'!$A$2:$D$52, 4, FALSE), "")="B",3,IF(IFERROR(VLOOKUP(A6, '4.2'!$A$2:$D$52, 4, FALSE), "")="B-",2.7,IF(IFERROR(VLOOKUP(A6, '4.2'!$A$2:$D$52, 4, FALSE), "")="C+",2.3,IF(IFERROR(VLOOKUP(A6, '4.2'!$A$2:$D$52, 4, FALSE), "")="C",2,IF(IFERROR(VLOOKUP(A6, '4.2'!$A$2:$D$52, 4, FALSE), "")="C-",1.7,IF(IFERROR(VLOOKUP(A6, '4.2'!$A$2:$D$52, 4, FALSE), "")="D+",1.3,IF(IFERROR(VLOOKUP(A6, '4.2'!$A$2:$D$52, 4, FALSE), "")="D",1,IF(IFERROR(VLOOKUP(A6, '4.2'!$A$2:$D$52, 4, FALSE), "")="E",0,"N/A")))))))))))) -> 4 | L6: =IF(ISNUMBER(J6), ROUND((J6*24 + K6*6)/30, 3), "N/A") -> 3.736 | M6: =IF(ISNUMBER(L6), ROUND(I6*0.75 + L6*0.25, 3), I6) -> 3.769 | N6: =IF(ISNUMBER(L6), "Honours (120 Cr)", "General (90 Cr)") -> Honours (120 Cr) | O6: =IF(M6>=3.7, "First Class", IF(M6>=3.3, "Second Class Upper", IF(M6>=3, "Second Class Lower", IF(M6>=2, "General Pass", "Below Pass")))) -> First Class
A7: 2020/ICT/07 | B7: Mr. Nalawansa U.K | C7: 4 | D7: 3.6 | E7: ='2.1'!H7 -> 3.75 | F7: 3.66 | G7: ='3.1'!I7 -> 3.86 | H7: 3.8 | I7: =ROUND(AVERAGE(C7:H7), 3) -> 3.778 | J7: =IFERROR(VLOOKUP(A7, '4.1'!$A$2:$O$52, 15, FALSE), "N/A") -> 3.56 | K7: =IF(IFERROR(VLOOKUP(A7, '4.2'!$A$2:$D$52, 4, FALSE), "")="A+",4,IF(IFERROR(VLOOKUP(A7, '4.2'!$A$2:$D$52, 4, FALSE), "")="A",4,IF(IFERROR(VLOOKUP(A7, '4.2'!$A$2:$D$52, 4, FALSE), "")="A-",3.7,IF(IFERROR(VLOOKUP(A7, '4.2'!$A$2:$D$52, 4, FALSE), "")="B+",3.3,IF(IFERROR(VLOOKUP(A7, '4.2'!$A$2:$D$52, 4, FALSE), "")="B",3,IF(IFERROR(VLOOKUP(A7, '4.2'!$A$2:$D$52, 4, FALSE), "")="B-",2.7,IF(IFERROR(VLOOKUP(A7, '4.2'!$A$2:$D$52, 4, FALSE), "")="C+",2.3,IF(IFERROR(VLOOKUP(A7, '4.2'!$A$2:$D$52, 4, FALSE), "")="C",2,IF(IFERROR(VLOOKUP(A7, '4.2'!$A$2:$D$52, 4, FALSE), "")="C-",1.7,IF(IFERROR(VLOOKUP(A7, '4.2'!$A$2:$D$52, 4, FALSE), "")="D+",1.3,IF(IFERROR(VLOOKUP(A7, '4.2'!$A$2:$D$52, 4, FALSE), "")="D",1,IF(IFERROR(VLOOKUP(A7, '4.2'!$A$2:$D$52, 4, FALSE), "")="E",0,"N/A")))))))))))) -> 4 | L7: =IF(ISNUMBER(J7), ROUND((J7*24 + K7*6)/30, 3), "N/A") -> 3.648 | M7: =IF(ISNUMBER(L7), ROUND(I7*0.75 + L7*0.25, 3), I7) -> 3.746 | N7: =IF(ISNUMBER(L7), "Honours (120 Cr)", "General (90 Cr)") -> Honours (120 Cr) | O7: =IF(M7>=3.7, "First Class", IF(M7>=3.3, "Second Class Upper", IF(M7>=3, "Second Class Lower", IF(M7>=2, "General Pass", "Below Pass")))) -> First Class
A8: 2020/ICT/08 | B8: Ms. Devakumar P. | C8: 3.04 | D8: 2.5 | E8: ='2.1'!H8 -> 2.68 | F8: 2.19 | G8: ='3.1'!I8 -> 2.75 | H8: 3.01 | I8: =ROUND(AVERAGE(C8:H8), 3) -> 2.695 | J8: =IFERROR(VLOOKUP(A8, '4.1'!$A$2:$O$52, 15, FALSE), "N/A") -> N/A | K8: =IF(IFERROR(VLOOKUP(A8, '4.2'!$A$2:$D$52, 4, FALSE), "")="A+",4,IF(IFERROR(VLOOKUP(A8, '4.2'!$A$2:$D$52, 4, FALSE), "")="A",4,IF(IFERROR(VLOOKUP(A8, '4.2'!$A$2:$D$52, 4, FALSE), "")="A-",3.7,IF(IFERROR(VLOOKUP(A8, '4.2'!$A$2:$D$52, 4, FALSE), "")="B+",3.3,IF(IFERROR(VLOOKUP(A8, '4.2'!$A$2:$D$52, 4, FALSE), "")="B",3,IF(IFERROR(VLOOKUP(A8, '4.2'!$A$2:$D$52, 4, FALSE), "")="B-",2.7,IF(IFERROR(VLOOKUP(A8, '4.2'!$A$2:$D$52, 4, FALSE), "")="C+",2.3,IF(IFERROR(VLOOKUP(A8, '4.2'!$A$2:$D$52, 4, FALSE), "")="C",2,IF(IFERROR(VLOOKUP(A8, '4.2'!$A$2:$D$52, 4, FALSE), "")="C-",1.7,IF(IFERROR(VLOOKUP(A8, '4.2'!$A$2:$D$52, 4, FALSE), "")="D+",1.3,IF(IFERROR(VLOOKUP(A8, '4.2'!$A$2:$D$52, 4, FALSE), "")="D",1,IF(IFERROR(VLOOKUP(A8, '4.2'!$A$2:$D$52, 4, FALSE), "")="E",0,"N/A")))))))))))) -> N/A | L8: =IF(ISNUMBER(J8), ROUND((J8*24 + K8*6)/30, 3), "N/A") -> N/A | M8: =IF(ISNUMBER(L8), ROUND(I8*0.75 + L8*0.25, 3), I8) -> 2.695 | N8: =IF(ISNUMBER(L8), "Honours (120 Cr)", "General (90 Cr)") -> General (90 Cr) | O8: =IF(M8>=3.7, "First Class", IF(M8>=3.3, "Second Class Upper", IF(M8>=3, "Second Class Lower", IF(M8>=2, "General Pass", "Below Pass")))) -> General Pass
A9: 2020/ICT/09 | B9: Ms. Senevirathne S.A. | C9: 2.53 | D9: 2.87 | E9: ='2.1'!H9 -> 2.35 | F9: 2.13 | G9: ='3.1'!I9 -> 2.45 | H9: 2.48 | I9: =ROUND(AVERAGE(C9:H9), 3) -> 2.468 | J9: =IFERROR(VLOOKUP(A9, '4.1'!$A$2:$O$52, 15, FALSE), "N/A") -> N/A | K9: =IF(IFERROR(VLOOKUP(A9, '4.2'!$A$2:$D$52, 4, FALSE), "")="A+",4,IF(IFERROR(VLOOKUP(A9, '4.2'!$A$2:$D$52, 4, FALSE), "")="A",4,IF(IFERROR(VLOOKUP(A9, '4.2'!$A$2:$D$52, 4, FALSE), "")="A-",3.7,IF(IFERROR(VLOOKUP(A9, '4.2'!$A$2:$D$52, 4, FALSE), "")="B+",3.3,IF(IFERROR(VLOOKUP(A9, '4.2'!$A$2:$D$52, 4, FALSE), "")="B",3,IF(IFERROR(VLOOKUP(A9, '4.2'!$A$2:$D$52, 4, FALSE), "")="B-",2.7,IF(IFERROR(VLOOKUP(A9, '4.2'!$A$2:$D$52, 4, FALSE), "")="C+",2.3,IF(IFERROR(VLOOKUP(A9, '4.2'!$A$2:$D$52, 4, FALSE), "")="C",2,IF(IFERROR(VLOOKUP(A9, '4.2'!$A$2:$D$52, 4, FALSE), "")="C-",1.7,IF(IFERROR(VLOOKUP(A9, '4.2'!$A$2:$D$52, 4, FALSE), "")="D+",1.3,IF(IFERROR(VLOOKUP(A9, '4.2'!$A$2:$D$52, 4, FALSE), "")="D",1,IF(IFERROR(VLOOKUP(A9, '4.2'!$A$2:$D$52, 4, FALSE), "")="E",0,"N/A")))))))))))) -> N/A | L9: =IF(ISNUMBER(J9), ROUND((J9*24 + K9*6)/30, 3), "N/A") -> N/A | M9: =IF(ISNUMBER(L9), ROUND(I9*0.75 + L9*0.25, 3), I9) -> 2.468 | N9: =IF(ISNUMBER(L9), "Honours (120 Cr)", "General (90 Cr)") -> General (90 Cr) | O9: =IF(M9>=3.7, "First Class", IF(M9>=3.3, "Second Class Upper", IF(M9>=3, "Second Class Lower", IF(M9>=2, "General Pass", "Below Pass")))) -> General Pass
A10: 2020/ICT/10 | B10: Ms. Jegatheeswaran V. | C10: 3.77 | D10: 3.29 | E10: ='2.1'!H10 -> 2.94 | F10: 2.75 | G10: ='3.1'!I10 -> 3.21 | H10: 3.23 | I10: =ROUND(AVERAGE(C10:H10), 3) -> 3.198 | J10: =IFERROR(VLOOKUP(A10, '4.1'!$A$2:$O$52, 15, FALSE), "N/A") -> N/A | K10: =IF(IFERROR(VLOOKUP(A10, '4.2'!$A$2:$D$52, 4, FALSE), "")="A+",4,IF(IFERROR(VLOOKUP(A10, '4.2'!$A$2:$D$52, 4, FALSE), "")="A",4,IF(IFERROR(VLOOKUP(A10, '4.2'!$A$2:$D$52, 4, FALSE), "")="A-",3.7,IF(IFERROR(VLOOKUP(A10, '4.2'!$A$2:$D$52, 4, FALSE), "")="B+",3.3,IF(IFERROR(VLOOKUP(A10, '4.2'!$A$2:$D$52, 4, FALSE), "")="B",3,IF(IFERROR(VLOOKUP(A10, '4.2'!$A$2:$D$52, 4, FALSE), "")="B-",2.7,IF(IFERROR(VLOOKUP(A10, '4.2'!$A$2:$D$52, 4, FALSE), "")="C+",2.3,IF(IFERROR(VLOOKUP(A10, '4.2'!$A$2:$D$52, 4, FALSE), "")="C",2,IF(IFERROR(VLOOKUP(A10, '4.2'!$A$2:$D$52, 4, FALSE), "")="C-",1.7,IF(IFERROR(VLOOKUP(A10, '4.2'!$A$2:$D$52, 4, FALSE), "")="D+",1.3,IF(IFERROR(VLOOKUP(A10, '4.2'!$A$2:$D$52, 4, FALSE), "")="D",1,IF(IFERROR(VLOOKUP(A10, '4.2'!$A$2:$D$52, 4, FALSE), "")="E",0,"N/A")))))))))))) -> N/A | L10: =IF(ISNUMBER(J10), ROUND((J10*24 + K10*6)/30, 3), "N/A") -> N/A | M10: =IF(ISNUMBER(L10), ROUND(I10*0.75 + L10*0.25, 3), I10) -> 3.198 | N10: =IF(ISNUMBER(L10), "Honours (120 Cr)", "General (90 Cr)") -> General (90 Cr) | O10: =IF(M10>=3.7, "First Class", IF(M10>=3.3, "Second Class Upper", IF(M10>=3, "Second Class Lower", IF(M10>=2, "General Pass", "Below Pass")))) -> Second Class Lower
A11: 2020/ICT/12 | B11: Ms. Shahla A.A.F.S. | C11: 3.69 | D11: 3.33 | E11: ='2.1'!H11 -> 3.25 | F11: 2.65 | G11: ='3.1'!I11 -> 3.61 | H11: 3.49 | I11: =ROUND(AVERAGE(C11:H11), 3) -> 3.337 | J11: =IFERROR(VLOOKUP(A11, '4.1'!$A$2:$O$52, 15, FALSE), "N/A") -> 3.48 | K11: =IF(IFERROR(VLOOKUP(A11, '4.2'!$A$2:$D$52, 4, FALSE), "")="A+",4,IF(IFERROR(VLOOKUP(A11, '4.2'!$A$2:$D$52, 4, FALSE), "")="A",4,IF(IFERROR(VLOOKUP(A11, '4.2'!$A$2:$D$52, 4, FALSE), "")="A-",3.7,IF(IFERROR(VLOOKUP(A11, '4.2'!$A$2:$D$52, 4, FALSE), "")="B+",3.3,IF(IFERROR(VLOOKUP(A11, '4.2'!$A$2:$D$52, 4, FALSE), "")="B",3,IF(IFERROR(VLOOKUP(A11, '4.2'!$A$2:$D$52, 4, FALSE), "")="B-",2.7,IF(IFERROR(VLOOKUP(A11, '4.2'!$A$2:$D$52, 4, FALSE), "")="C+",2.3,IF(IFERROR(VLOOKUP(A11, '4.2'!$A$2:$D$52, 4, FALSE), "")="C",2,IF(IFERROR(VLOOKUP(A11, '4.2'!$A$2:$D$52, 4, FALSE), "")="C-",1.7,IF(IFERROR(VLOOKUP(A11, '4.2'!$A$2:$D$52, 4, FALSE), "")="D+",1.3,IF(IFERROR(VLOOKUP(A11, '4.2'!$A$2:$D$52, 4, FALSE), "")="D",1,IF(IFERROR(VLOOKUP(A11, '4.2'!$A$2:$D$52, 4, FALSE), "")="E",0,"N/A")))))))))))) -> 3.7 | L11: =IF(ISNUMBER(J11), ROUND((J11*24 + K11*6)/30, 3), "N/A") -> 3.524 | M11: =IF(ISNUMBER(L11), ROUND(I11*0.75 + L11*0.25, 3), I11) -> 3.384 | N11: =IF(ISNUMBER(L11), "Honours (120 Cr)", "General (90 Cr)") -> Honours (120 Cr) | O11: =IF(M11>=3.7, "First Class", IF(M11>=3.3, "Second Class Upper", IF(M11>=3, "Second Class Lower", IF(M11>=2, "General Pass", "Below Pass")))) -> Second Class Upper
A12: 2020/ICT/13 | B12: Ms. Basheery M.K.T. | C12: 3.69 | D12: 3.06 | E12: ='2.1'!H12 -> 2.32 | F12: 2.49 | G12: ='3.1'!I12 -> 3.31 | H12: 3.27 | I12: =ROUND(AVERAGE(C12:H12), 3) -> 3.023 | J12: =IFERROR(VLOOKUP(A12, '4.1'!$A$2:$O$52, 15, FALSE), "N/A") -> N/A | K12: =IF(IFERROR(VLOOKUP(A12, '4.2'!$A$2:$D$52, 4, FALSE), "")="A+",4,IF(IFERROR(VLOOKUP(A12, '4.2'!$A$2:$D$52, 4, FALSE), "")="A",4,IF(IFERROR(VLOOKUP(A12, '4.2'!$A$2:$D$52, 4, FALSE), "")="A-",3.7,IF(IFERROR(VLOOKUP(A12, '4.2'!$A$2:$D$52, 4, FALSE), "")="B+",3.3,IF(IFERROR(VLOOKUP(A12, '4.2'!$A$2:$D$52, 4, FALSE), "")="B",3,IF(IFERROR(VLOOKUP(A12, '4.2'!$A$2:$D$52, 4, FALSE), "")="B-",2.7,IF(IFERROR(VLOOKUP(A12, '4.2'!$A$2:$D$52, 4, FALSE), "")="C+",2.3,IF(IFERROR(VLOOKUP(A12, '4.2'!$A$2:$D$52, 4, FALSE), "")="C",2,IF(IFERROR(VLOOKUP(A12, '4.2'!$A$2:$D$52, 4, FALSE), "")="C-",1.7,IF(IFERROR(VLOOKUP(A12, '4.2'!$A$2:$D$52, 4, FALSE), "")="D+",1.3,IF(IFERROR(VLOOKUP(A12, '4.2'!$A$2:$D$52, 4, FALSE), "")="D",1,IF(IFERROR(VLOOKUP(A12, '4.2'!$A$2:$D$52, 4, FALSE), "")="E",0,"N/A")))))))))))) -> N/A | L12: =IF(ISNUMBER(J12), ROUND((J12*24 + K12*6)/30, 3), "N/A") -> N/A | M12: =IF(ISNUMBER(L12), ROUND(I12*0.75 + L12*0.25, 3), I12) -> 3.023 | N12: =IF(ISNUMBER(L12), "Honours (120 Cr)", "General (90 Cr)") -> General (90 Cr) | O12: =IF(M12>=3.7, "First Class", IF(M12>=3.3, "Second Class Upper", IF(M12>=3, "Second Class Lower", IF(M12>=2, "General Pass", "Below Pass")))) -> Second Class Lower
A13: 2020/ICT/14 | B13: Ms. Minha M.S.F. | C13: 3.64 | D13: 3.24 | E13: ='2.1'!H13 -> 3.43 | F13: 2.42 | G13: ='3.1'!I13 -> 3.33 | H13: 3.27 | I13: =ROUND(AVERAGE(C13:H13), 3) -> 3.222 | J13: =IFERROR(VLOOKUP(A13, '4.1'!$A$2:$O$52, 15, FALSE), "N/A") -> 3.64 | K13: =IF(IFERROR(VLOOKUP(A13, '4.2'!$A$2:$D$52, 4, FALSE), "")="A+",4,IF(IFERROR(VLOOKUP(A13, '4.2'!$A$2:$D$52, 4, FALSE), "")="A",4,IF(IFERROR(VLOOKUP(A13, '4.2'!$A$2:$D$52, 4, FALSE), "")="A-",3.7,IF(IFERROR(VLOOKUP(A13, '4.2'!$A$2:$D$52, 4, FALSE), "")="B+",3.3,IF(IFERROR(VLOOKUP(A13, '4.2'!$A$2:$D$52, 4, FALSE), "")="B",3,IF(IFERROR(VLOOKUP(A13, '4.2'!$A$2:$D$52, 4, FALSE), "")="B-",2.7,IF(IFERROR(VLOOKUP(A13, '4.2'!$A$2:$D$52, 4, FALSE), "")="C+",2.3,IF(IFERROR(VLOOKUP(A13, '4.2'!$A$2:$D$52, 4, FALSE), "")="C",2,IF(IFERROR(VLOOKUP(A13, '4.2'!$A$2:$D$52, 4, FALSE), "")="C-",1.7,IF(IFERROR(VLOOKUP(A13, '4.2'!$A$2:$D$52, 4, FALSE), "")="D+",1.3,IF(IFERROR(VLOOKUP(A13, '4.2'!$A$2:$D$52, 4, FALSE), "")="D",1,IF(IFERROR(VLOOKUP(A13, '4.2'!$A$2:$D$52, 4, FALSE), "")="E",0,"N/A")))))))))))) -> 3.7 | L13: =IF(ISNUMBER(J13), ROUND((J13*24 + K13*6)/30, 3), "N/A") -> 3.652 | M13: =IF(ISNUMBER(L13), ROUND(I13*0.75 + L13*0.25, 3), I13) -> 3.33 | N13: =IF(ISNUMBER(L13), "Honours (120 Cr)", "General (90 Cr)") -> Honours (120 Cr) | O13: =IF(M13>=3.7, "First Class", IF(M13>=3.3, "Second Class Upper", IF(M13>=3, "Second Class Lower", IF(M13>=2, "General Pass", "Below Pass")))) -> Second Class Upper
... A108: 2020/ICT/120 | B108: Ms.Thavarajah H | C108: 2.38 | D108: 2.56 | E108: ='2.1'!H108 -> 3.33 | F108: 2.63 | G108: ='3.1'!I108 -> 3.07 | H108: 3.04 | I108: =ROUND(AVERAGE(C108:H108), 3) -> 2.835 | J108: =IFERROR(VLOOKUP(A108, '4.1'!$A$2:$O$52, 15, FALSE), "N/A") -> N/A | K108: =IF(IFERROR(VLOOKUP(A108, '4.2'!$A$2:$D$52, 4, FALSE), "")="A+",4,IF(IFERROR(VLOOKUP(A108, '4.2'!$A$2:$D$52, 4, FALSE), "")="A",4,IF(IFERROR(VLOOKUP(A108, '4.2'!$A$2:$D$52, 4, FALSE), "")="A-",3.7,IF(IFERROR(VLOOKUP(A108, '4.2'!$A$2:$D$52, 4, FALSE), "")="B+",3.3,IF(IFERROR(VLOOKUP(A108, '4.2'!$A$2:$D$52, 4, FALSE), "")="B",3,IF(IFERROR(VLOOKUP(A108, '4.2'!$A$2:$D$52, 4, FALSE), "")="B-",2.7,IF(IFERROR(VLOOKUP(A108, '4.2'!$A$2:$D$52, 4, FALSE), "")="C+",2.3,IF(IFERROR(VLOOKUP(A108, '4.2'!$A$2:$D$52, 4, FALSE), "")="C",2,IF(IFERROR(VLOOKUP(A108, '4.2'!$A$2:$D$52, 4, FALSE), "")="C-",1.7,IF(IFERROR(VLOOKUP(A108, '4.2'!$A$2:$D$52, 4, FALSE), "")="D+",1.3,IF(IFERROR(VLOOKUP(A108, '4.2'!$A$2:$D$52, 4, FALSE), "")="D",1,IF(IFERROR(VLOOKUP(A108, '4.2'!$A$2:$D$52, 4, FALSE), "")="E",0,"N/A")))))))))))) -> N/A | L108: =IF(ISNUMBER(J108), ROUND((J108*24 + K108*6)/30, 3), "N/A") -> N/A | M108: =IF(ISNUMBER(L108), ROUND(I108*0.75 + L108*0.25, 3), I108) -> 2.835 | N108: =IF(ISNUMBER(L108), "Honours (120 Cr)", "General (90 Cr)") -> General (90 Cr) | O108: =IF(M108>=3.7, "First Class", IF(M108>=3.3, "Second Class Upper", IF(M108>=3, "Second Class Lower", IF(M108>=2, "General Pass", "Below Pass")))) -> General Pass
